DROP DATABASE IF EXISTS console_game;
CREATE DATABASE console_game;
USE console_game;

DROP TABLE IF EXISTS c_save;
DROP TABLE IF EXISTS i_save;
DROP TABLE IF EXISTS e_save;
DROP TABLE IF EXISTS save;
DROP TABLE IF EXISTS stage;
DROP TABLE IF EXISTS ending;
DROP TABLE IF EXISTS npc;
DROP TABLE IF EXISTS hero;
DROP TABLE IF EXISTS item;
DROP TABLE IF EXISTS card;
DROP TABLE IF EXISTS particle;

create table particle( -- мЎ°мӮ¬ н…Ңмқҙлё”
                         pp int primary key, -- мЎ°мӮ¬мқҳ нғҖмһ… нҷ•мқё, 0кіј 1 кө¬л¶„
                         sound_lg char(3) not null, -- мқҙ, к°Җ
                         sound_er varchar(3) not null, -- мқ„, лҘј
                         sound_en varchar(3) not null -- мқҖ лҠ”
);

create table ending ( -- м—”л”© лӘ©лЎқ н…Ңмқҙлё”
                        e_id varchar(10) primary key, -- м—”л”© id
                        e_name varchar(50) not null unique, -- м—”л”©лӘ…
                        e_desc varchar(500) not null, -- м—”л”© м„ӨлӘ…
                        e_img text -- м—”л”© мқҙлҜём§Җ
);

create table card( -- м№ҙл“ң лӘ©лЎқ н…Ңмқҙлё” (лӘЁл“  м№ҙл“ңмқҳ кё°ліё лҚ°мқҙн„°)
                     c_id varchar(10) primary key, -- м№ҙл“ң id
                     c_name varchar(30) not null unique, -- м№ҙл“ң н•ЁмҲҳлӘ…
                     pp int not null , -- мЎ°мӮ¬ н…Ңмқҙлё” л…јлҰ¬ к°’мқ„ мң„н•ң м»¬лҹј
                     c_power int not null, -- м№ҙл“ң кіөкІ©л Ҙ
                     c_desc varchar(500) not null unique, -- м№ҙл“ңм—җ лҢҖн•ң м„ӨлӘ…
                     c_use_msg varchar(500) not null unique, -- м№ҙл“ң мӮ¬мҡ©мӢң м¶ңл Ҙ л¬ј
                     c_img varchar(2000), -- м№ҙл“ң мҲҳм§‘мӢң ліҙм—¬мӨ„ м¶ңл Ҙл¬ј
                     foreign key (pp) references particle(pp)
);

create table item( -- м•„мқҙн…ң лӘ©лЎқ н…Ңмқҙлё” (лӘЁл“  м•„мқҙн…ңмқҳ кё°ліё лҚ°мқҙн„°)
                     i_id varchar(10) primary key, -- м•„мқҙн…ң id
                     i_name varchar(30) not null unique, -- м•„мқҙн…ң мқҙлҰ„
                     pp  int default 0 not null, -- мЎ°мӮ¬ н…Ңмқҙлё” л…јлҰ¬ к°’мқ„ мң„н•ң м»¬лҹј
                     hp int, -- мІҙл Ҙ мҙқлҹү
                     i_power int, -- кіөкІ©л Ҙ
                     heal int, -- мІҙл Ҙ нҡҢліө мҲҳм№ҳ
                     i_use_msg varchar(500) not null, -- м•„мқҙн…ң мӮ¬мҡ©мӢң м¶ңл Ҙ л©”м„ём§Җ
                     i_desc varchar(500) not null, -- м•„мқҙн…ңм—җ лҢҖн•ң м„ӨлӘ…
                     i_img varchar(2000) not null, -- м•„мқҙн…ң мқҙлҜём§Җ
                     foreign key (pp) references particle(pp)
);

create table npc( -- кІҢмһ„м—җ лӮҳмҳ¬ лӘЁл“  мәҗлҰӯн„° л°Ҹ лӘ№ лҰ¬мҠӨнҠё
                    n_id varchar(10) primary key, -- npc id
                    n_name varchar(30) not null unique , -- npc мқҙлҰ„
                    pp int default 0 not null, -- npc мқҙлҰ„ л’Өм—җ л¶ҷмқ„ мЎ°мӮ¬ нғҖмһ…
                    hp int not null, -- мІҙл Ҙ мҙқлҹү
                    power_min int default 0 not null, -- мөңмҶҢ кіөкІ©л Ҙ
                    power_max int default 0 not null, -- мөңлҢҖ кіөкІ©л Ҙ(м№ҳлӘ…нғҖ)
                    c_id varchar(10), -- мІҳм№ҳмӢң л“ңлһҚн•  м№ҙл“ң id
                    i_id varchar(10), -- мІҳм№ҳмӢң л“ңлһҚн•  м•„мқҙн…ң id
                    is_boss int default 0 not null, -- л©”мқё ліҙмҠӨмқёк°Җ м•„лӢҢк°Җ? ліҙмҠӨмқј кІҪмҡ° 1, мһЎлӘ№мқҖ 0
                    n_desc varchar(500) not null, -- npc м—җ лҢҖн•ң м„ӨлӘ…
                    foreign key (pp) references particle(pp),
                    foreign key (c_id) references card(c_id),
                    foreign key (i_id) references item(i_id)
);

create table stage( -- л§ө н…Ңмқҙлё”
                      s_id varchar(10) primary key, -- л§өмқҳ id (мўҢн‘ң нҳ•мӢқ : мёө_к°ҖлЎңм„ёлЎң)
                      f_level int not null, -- мёөмҲҳ
                      s_column varchar(5) not null, -- к°ҖлЎң
                      s_row int not null, -- м„ёлЎң
                      s_type varchar(20) not null, -- л§өмқҳ нғҖмһ…(мӢңмһ‘, лҒқ, л§үнһҢкө¬м—ӯ, мқҙлІӨнҠё, лӘ№, ліҙмқҙл“ң)
                      s_prob double not null, -- л§ө нғҖмһ…мқҳ л°ңлҸҷ нҷ•лҘ (лӘ№мқҙлӮҳ мқҙлІӨнҠё л°ңмғқ нҷ•лҘ )
                      n_id varchar(10), -- л§өм—җ лӮҳмҳ¬ лӘ№ лІҲнҳё
                      foreign key (n_id) references npc(n_id)
);


create table save( -- м„ёмқҙлёҢ лЎңк·ё н…Ңмқҙлё”
                     t_id varchar(10), -- м„ёмқҙлёҢ ID
                     try int primary key auto_increment, -- кІҢмһ„ мӢӨн–ү лІҲнҳё
                     s_id varchar(10), -- мҠӨн…Ңмқҙм§Җ ID
                     t_time timestamp default current_timestamp, -- лҚ°мқҙн„° м ҖмһҘ мӢңк°Ғ
                     foreign key (s_id) references stage(s_id)
);

create table c_save( -- м№ҙл“ң мҠөл“қ лЎңк·ё н…Ңмқҙлё” (м»¬л үм…ҳ л°ҳмҳҒн•  н…Ңмқҙлё”)
                       c_id varchar(10), -- м№ҙл“ң лІҲнҳё
                       try int, -- кІҢмһ„ мӢӨн–ү лІҲнҳё
                       c_count int, -- м№ҙл“ң нҡҚл“қ нҡҹмҲҳ м№ҙмҡҙнҠё
                       foreign key (c_id) references card(c_id),
                       foreign key (try) references save(try)
);

create table i_save( -- м•„мқҙн…ң мҠөл“қ лЎңк·ё н…Ңмқҙлё” (м»¬л үм…ҳ л°ҳмҳҒн•  н…Ңмқҙлё”)
                       i_id varchar(10), -- м•„мқҙн…ң лІҲнҳё
                       try int, -- кІҢмһ„ мӢӨн–ү лІҲнҳё
                       i_count int, -- м•„мқҙн…ң нҡҚл“қ нҡҹмҲҳ м№ҙмҡҙнҠё
                       foreign key (i_id) references item(i_id),
                       foreign key (try) references save(try)
);

create table e_save( -- м—”л”© н•ҙкёҲ лЎңк·ё н…Ңмқҙлё” (м»¬л үм…ҳ л°ҳмҳҒн•  н…Ңмқҙлё”)
                       e_id varchar(10), -- м—”л”© лІҲнҳё
                       try int, -- м—”л”© мӢӨн–ү лІҲнҳё
                       e_count int, -- м—”л”© н•ҙкёҲ нҡҹмҲҳ м№ҙмҡҙнҠё
                       foreign key (e_id) references ending(e_id),
                       foreign key (try) references save(try)
);

create table n_save( -- NPC л§ҢлӮЁ лЎңк·ё н…Ңмқҙлё” (м»¬л үм…ҳ л°ҳмҳҒн•  н…Ңмқҙлё”)
                       n_id varchar(10), -- NPC лІҲнҳё
                       try int, -- кІҢмһ„ мӢӨн–ү лІҲнҳё
                       n_count int, -- NPC л§ҢлӮЁ нҡҹмҲҳ м№ҙмҡҙнҠё
                       foreign key (n_id) references npc(n_id),
                       foreign key (try) references save(try)
);

INSERT INTO particle (pp, sound_lg, sound_er, sound_en) VALUES (0, 'мқҙ', 'мқ„', 'мқҖ');
INSERT INTO particle (pp, sound_lg, sound_er, sound_en) VALUES (1, 'к°Җ', 'лҘј', 'лҠ”');

INSERT INTO card (c_id, c_name, pp, c_power, c_desc, c_use_msg, c_img) VALUES ('c1', 'Scanner', 1, 0, 'нӮӨліҙл“ң л“ұм—җм„ң мһ…л Ҙмқ„ л°ӣмқ„ л•Ң мӮ¬мҡ©н•ҳлҠ” нҒҙлһҳмҠӨ.', 'м№ҙл“ңк°Җ нҳңм§„мқҙмқҳ мҠӨнӮ¬мқ„ нқЎмҲҳн–ҲлӢӨ!', 'мқҙлҜём§Җ');
INSERT INTO card (c_id, c_name, pp, c_power, c_desc, c_use_msg, c_img) VALUES ('c2', 'random', 0, 20, 'лӮңмҲҳлҘј мғқм„ұн•  л•Ң мӮ¬мҡ©н•ҳлҠ” нҒҙлһҳмҠӨ лҳҗлҠ” л©”м„ңл“ң.', 'м–ҙл””м„ к°Җ кұ°лҢҖн•ң мЈјмӮ¬мң„к°Җ көҙлҹ¬мҷ”лӢӨ!', 'мқҙлҜём§Җ');
INSERT INTO card (c_id, c_name, pp, c_power, c_desc, c_use_msg, c_img) VALUES ('c3', ';', 0, 0, 'л¬ёмһҘмқҳ лҒқмқ„ лӮҳнғҖлӮҙлҠ” кё°нҳё.', 'м•„л¬ҙлҹ° л°ҳмқ‘мқҙ м—ҶлӢӨ.', 'мқҙлҜём§Җ');
INSERT INTO card (c_id, c_name, pp, c_power, c_desc, c_use_msg, c_img) VALUES ('c4', 'TreeNode', 1, 25, 'нҠёлҰ¬ кө¬мЎ°мқҳ л…ёл“ңлҘј лӮҳнғҖлӮҙлҠ” нҒҙлһҳмҠӨ мқҙлҰ„мңјлЎң мһҗмЈј м“°мһ„.', 'м–ҙл”ҳк°Җм—җм„ң пҪҖлҚ©көҙпҪҖмқҙ лӮҳнғҖлӮҳ мЈјліҖмқ„ нңҳл‘ҳл ҖлӢӨ!', 'мқҙлҜём§Җ');
INSERT INTO card (c_id, c_name, pp, c_power, c_desc, c_use_msg, c_img) VALUES ('c5', 'while', 0, 22, 'мЎ°кұҙмқҙ м°ёмқё лҸҷм•Ҳ л°ҳліөн•ҳлҠ” л°ҳліөл¬ё.', 'м№ҙл“ңм—җм„ң кұ°лҢҖн•ң пҪҖн’Қм°ЁпҪҖк°Җ нҠҖм–ҙлӮҳмҷҖ к°•н•ң л°”лһҢмқ„ лӮ л ёлӢӨ!', 'мқҙлҜём§Җ');
INSERT INTO card (c_id, c_name, pp, c_power, c_desc, c_use_msg, c_img) VALUES ('c6', 'if-else', 1, 30, 'мЎ°кұҙм—җ л”°лқј мҪ”л“ң мӢӨн–ү кІҪлЎңлҘј л°”кҫёлҠ” м ңм–ҙл¬ё.', 'м№ҙл“ңм—җм„ң л¬јмқҢн‘ңл“Өмқҙ мҙқм•ҢмІҳлҹј л№ лҘҙкІҢ лӮҳмҷ”лӢӨ!', 'мқҙлҜём§Җ');
INSERT INTO card (c_id, c_name, pp, c_power, c_desc, c_use_msg, c_img) VALUES ('c7', 'new', 1, 30, 'к°қмІҙлҘј мғқм„ұн•  л•Ң мӮ¬мҡ©н•ҳлҠ” нӮӨмӣҢл“ң.', 'м№ҙл“ңм—җм„ң к°–к°Җм§Җ лӘЁм–‘мқҳ пҪҖм°°нқҷпҪҖл“Өмқ„ лҚҳмЎҢлӢӨ!', 'мқҙлҜём§Җ');
INSERT INTO card (c_id, c_name, pp, c_power, c_desc, c_use_msg, c_img) VALUES ('c8', 'sleep', 0, 29, 'мқјм • мӢңк°„ мӢӨн–үмқ„ л©Ҳм¶”лҠ” л©”м„ңл“ң(java.lang.Threadмқҳ static л©”м„ңл“ң).', 'м–ҙл””м„ к°Җ пҪҖм–‘л–јпҪҖк°Җ лӮҳнғҖлӮҳ лҸҢм§„н–ҲлӢӨ!', 'мқҙлҜём§Җ');
INSERT INTO card (c_id, c_name, pp, c_power, c_desc, c_use_msg, c_img) VALUES ('c9', 'class', 1, 23, 'нҒҙлһҳмҠӨлҘј м •мқҳн•  л•Ң мӮ¬мҡ©н•ҳлҠ” нӮӨмӣҢл“ң.', 'н•ҳлҠҳм—җм„ң пҪҖкөҗмӢӨ мұ…мғҒпҪҖмқҙ л–Ём–ҙм ё к°•нғҖн–ҲлӢӨ!', 'мқҙлҜём§Җ');
INSERT INTO card (c_id, c_name, pp, c_power, c_desc, c_use_msg, c_img) VALUES ('c10', '{ }', 1, 3500, 'мӨ‘кҙ„нҳё, мҪ”л“ң лё”лЎқ(н•ЁмҲҳ, нҒҙлһҳмҠӨ, мЎ°кұҙл¬ё л“ұ лІ”мң„ м§Җм •).', 'м№ҙл“ңм—җм„ң пҪҖмғҲпҪҖк°ҷмқҙ мғқкёҙ кІғл“Өмқҙ лӮ м•„к°Җ к°•нғҖн–ҲлӢӨ!', 'мқҙлҜём§Җ');
INSERT INTO card (c_id, c_name, pp, c_power, c_desc, c_use_msg, c_img) VALUES ('c11', 'print', 1, 25, 'нҷ”л©ҙм—җ лӮҙмҡ©мқ„ м¶ңл Ҙн•ҳлҠ” л©”м„ңл“ң(System.out.print л“ұ).', 'м№ҙл“ңм—җм„ң пҪҖ ( ) пҪҖ к°Җ л§Өм„ӯкІҢ лӮ м•„мҷ”лӢӨ!', 'мқҙлҜём§Җ');
INSERT INTO card (c_id, c_name, pp, c_power, c_desc, c_use_msg, c_img) VALUES ('c12', 'substring', 0, 27, 'л¬ёмһҗм—ҙмқҳ мқјл¶ҖлҘј мһҳлқјлӮҙлҠ” л©”м„ңл“ң.', 'м№ҙл“ңм—җм„ң лӮҳмҳЁ м»ӨлӢӨлһҖ пҪҖм№јпҪҖмқ„ нңҳл‘ҳл ҖлӢӨ!', 'мқҙлҜём§Җ');
INSERT INTO card (c_id, c_name, pp, c_power, c_desc, c_use_msg, c_img) VALUES ('c13', 'import', 1, 25, 'мҷёл¶Җ нҒҙлһҳмҠӨлӮҳ нҢЁнӮӨм§ҖлҘј л¶Ҳлҹ¬мҳ¬ л•Ң м“°лҠ” нӮӨмӣҢл“ң.', 'м–ҙл””м„ к°Җ пҪҖл°°лӢ¬ мҳӨнҶ л°”мқҙпҪҖк°Җ лӢ¬л Өмҷ”лӢӨ!', 'мқҙлҜём§Җ');
INSERT INTO card (c_id, c_name, pp, c_power, c_desc, c_use_msg, c_img) VALUES ('c14', 'equals', 1, 35, 'л¬ёмһҗм—ҙмқҙлӮҳ к°қмІҙк°Җ к°ҷмқҖм§Җ л№„көҗн•ҳлҠ” л©”м„ңл“ң.', 'н•ҳлҠҳм—җм„ң кұ°лҢҖн•ң пҪҖк· нҳ• м ҖмҡёпҪҖмқҙ лӮҳнғҖлӮҳ м§Җл©ҙмқ„ лӮҙлҰ¬міӨлӢӨ!', 'мқҙлҜём§Җ');
INSERT INTO card (c_id, c_name, pp, c_power, c_desc, c_use_msg, c_img) VALUES ('c15', 'Array', 1, 23, 'л°°м—ҙмқ„ лӮҳнғҖлӮҙлҠ” мһҗлЈҢкө¬мЎ° нҳ№мқҖ нҒҙлһҳмҠӨ мқҙлҰ„.', 'м–ҙл””м„ к°Җ кұ°лҢҖн•ң пҪҖмғҒмһҗпҪҖл“Өмқҙ мҸҹм•„м ё лӮҳмҷ”лӢӨ!', 'мқҙлҜём§Җ');
INSERT INTO card (c_id, c_name, pp, c_power, c_desc, c_use_msg, c_img) VALUES ('c16', 'return', 0, 20, 'л©”м„ңл“ңмқҳ кІ°кіј к°’мқ„ л°ҳнҷҳн•ҳкі  мў…лЈҢн•  л•Ң мӮ¬мҡ©.', 'м№ҙл“ңм—җм„ң пҪҖл¶Җл©”лһ‘пҪҖмқҙ лӮ м•„к°”лӢӨ, лӢӨмӢң м№ҙл“ң мҶҚмңјлЎң лҸҢм•„к°”лӢӨ!', 'мқҙлҜём§Җ');
INSERT INTO card (c_id, c_name, pp, c_power, c_desc, c_use_msg, c_img) VALUES ('c17', 'format', 0, 30, 'л¬ёмһҗм—ҙмқ„ нҠ№м • нҳ•мӢқмңјлЎң ліҖнҷҳн•  л•Ң м“°лҠ” л©”м„ңл“ң.', 'м–ҙл””м„ к°Җ кұ°лҢҖн•ң пҪҖлӘЁм–‘нӢҖпҪҖмқҙ нҠҖм–ҙлӮҳмҷ”лӢӨ!', 'мқҙлҜём§Җ');
INSERT INTO card (c_id, c_name, pp, c_power, c_desc, c_use_msg, c_img) VALUES ('c18', 'boolean', 0, 20, 'м°ё(true) лҳҗлҠ” кұ°м§“(false) к°’мқ„ к°Җм§ҖлҠ” мһҗлЈҢнҳ•.', 'н•ҳлҠҳм—җм„ң trueмҷҖ false пҪҖлҸ„мһҘпҪҖмқҙ лӮҳнғҖлӮҳ м§Җл©ҙмқ„ м„ёкІҢ лӮҙл Ө м°Қм—ҲлӢӨ!', 'мқҙлҜём§Җ');
INSERT INTO card (c_id, c_name, pp, c_power, c_desc, c_use_msg, c_img) VALUES ('c19', 'sum', 0, 20, 'н•©кі„лҘј кө¬н•  л•Ң мЈјлЎң мӮ¬мҡ©н•ҳлҠ” л©”м„ңл“ңлӮҳ ліҖмҲҳлӘ….', 'мЈјліҖм—җ мһҲлҠ” пҪҖ0пҪҖкіј пҪҖ1пҪҖл“Өмқҙ пҪҖлҲҲпҪҖмІҳлҹј лӯүміҗм§Җл©° көҙлҹ¬к°”лӢӨ!', 'мқҙлҜём§Җ');
INSERT INTO card (c_id, c_name, pp, c_power, c_desc, c_use_msg, c_img) VALUES ('c20', 'min', 0, 20, 'мөңмҶҹк°’мқ„ кө¬н•  л•Ң мӮ¬мҡ©.', 'мЈјліҖм—җ мһҲлҠ” 1пҪҖл“Өмқҙ лҪ‘нҳҖ лӮҳмҷҖ, пҪҖл°”лҠҳпҪҖмІҳлҹј  м°ҢлҘҙкё° мӢңмһ‘н–ҲлӢӨ!', 'мқҙлҜём§Җ');
INSERT INTO card (c_id, c_name, pp, c_power, c_desc, c_use_msg, c_img) VALUES ('c21', 'max', 1, 20, 'мөңлҢ“к°’мқ„ кө¬н•  л•Ң мӮ¬мҡ©.', 'мЈјліҖм—җ мһҲлҠ” к°ҖмһҘ нҒ° пҪҖ0пҪҖкіј пҪҖ1пҪҖ мқҙ нҠҖм–ҙлӮҳмҷҖ нғҖкІ©н–ҲлӢӨ!', 'мқҙлҜём§Җ');
INSERT INTO card (c_id, c_name, pp, c_power, c_desc, c_use_msg, c_img) VALUES ('c22', 'size', 1, 30, 'м»¬л үм…ҳмқҙлӮҳ лҰ¬мҠӨнҠё л“ұмқҳ нҒ¬кё°лҘј л°ҳнҷҳн•  л•Ң мӮ¬мҡ©.', 'м№ҙл“ңм—җм„ң лӮҳмҳЁ пҪҖмӨ„мһҗпҪҖлҘј мұ„м°ҚмІҳлҹј нңҳл‘ҳл ҖлӢӨ!', 'мқҙлҜём§Җ');
INSERT INTO card (c_id, c_name, pp, c_power, c_desc, c_use_msg, c_img) VALUES ('c23', 'static', 0, 24, 'нҒҙлһҳмҠӨ ліҖмҲҳлӮҳ л©”м„ңл“ңлҘј м •мқҳн•  л•Ң мӮ¬мҡ©, к°қмІҙ мғқм„ұ м—Ҷмқҙ мӮ¬мҡ© к°ҖлҠҘ.', 'н•ҳлҠҳм—җм„ң пҪҖм••м •пҪҖмқҙ л–Ём–ҙм ё л°•нҳ”лӢӨ!', 'мқҙлҜём§Җ');
INSERT INTO card (c_id, c_name, pp, c_power, c_desc, c_use_msg, c_img) VALUES ('c24', 'try-catch', 1, 27, 'мҳҲмҷё мІҳлҰ¬лҘј н•  л•Ң мӮ¬мҡ©н•ҳлҠ” лё”лЎқ.', 'м№ҙл“ңм—җм„ң лӮҳмҳЁ м»ӨлӢӨлһҖ пҪҖмһ мһҗлҰ¬мұ„пҪҖлҘј нңҳл‘ҳл ҖлӢӨ!', 'мқҙлҜём§Җ');
INSERT INTO card (c_id, c_name, pp, c_power, c_desc, c_use_msg, c_img) VALUES ('c25', 'throws', 1, 32, 'л©”м„ңл“ңм—җм„ң мҳҲмҷёлҘј лҚҳм§Ҳ л•Ң м„ м–ён•ҳлҠ” нӮӨмӣҢл“ң.', 'м№ҙл“ңм—җм„ң пҪҖнҸӯнғ„пҪҖмқҙ нҠҖм–ҙлӮҳмҷ”лӢӨ!', 'мқҙлҜём§Җ');
INSERT INTO card (c_id, c_name, pp, c_power, c_desc, c_use_msg, c_img) VALUES ('c26', 'break', 1, 20, 'л°ҳліөл¬ё лҳҗлҠ” switch л¬ёмқ„ мҰүмӢң мў…лЈҢ.', 'м№ҙл“ңм—җм„ң пҪҖм •м§Җ н‘ңм§ҖнҢҗпҪҖмқҙ лӮ м•„мҷ”лӢӨ!', 'мқҙлҜём§Җ');
INSERT INTO card (c_id, c_name, pp, c_power, c_desc, c_use_msg, c_img) VALUES ('c27', 'get', 0, 20, 'к°қмІҙмқҳ к°’мқ„ к°Җм ёмҳӨлҠ” л©”м„ңл“ң мқҙлҰ„м—җ мһҗмЈј мӮ¬мҡ©лҗЁ.', 'н•ҳлҠҳм—җм„ң кұ°лҢҖн•ң пҪҖмқёнҳ•лҪ‘кё° м§‘кІҢпҪҖк°Җ лӮҙл Өмҷ”лӢӨ!', 'мқҙлҜём§Җ');
INSERT INTO card (c_id, c_name, pp, c_power, c_desc, c_use_msg, c_img) VALUES ('c28', 'charAt', 0, 20, 'л¬ёмһҗм—ҙм—җм„ң нҠ№м • мң„м№ҳмқҳ л¬ёмһҗлҘј к°Җм ёмҳӨлҠ” л©”м„ңл“ң.', 'н•ҳлҠҳм—җм„ң кұ°лҢҖн•ң пҪҖн•Җм…ӢпҪҖмқҙ л¬ҙм–ёк°ҖлҘј м§‘мңјл Ө лӮ м•„мҷ”лӢӨ!', 'мқҙлҜём§Җ');
INSERT INTO card (c_id, c_name, pp, c_power, c_desc, c_use_msg, c_img) VALUES ('c29', 'remove', 1, 11, 'м»¬л үм…ҳ л“ұм—җм„ң мҡ”мҶҢлҘј мӮӯм ңн•ҳлҠ” л©”м„ңл“ң.', 'м–ҙл””м„ к°Җ м»ӨлӢӨлһҖ пҪҖмҲҳм •н…Ңмқҙн”„пҪҖк°Җ лӮҳнғҖлӮҳ л№ лҘҙкІҢ лҸҢм§„н–ҲлӢӨ!', 'мқҙлҜём§Җ');
INSERT INTO card (c_id, c_name, pp, c_power, c_desc, c_use_msg, c_img) VALUES ('c30', 'concat', 0, 20, 'л¬ёмһҗм—ҙмқ„ мқҙм–ҙ л¶ҷмқҙлҠ” л©”м„ңл“ң.', 'н•ҳлҠҳм—җм„ң м»ӨлӢӨлһҖ пҪҖліёл“ңпҪҖк°Җ лӮҳнғҖлӮҳ м ‘м°©м ңлҘј лҝҢл ёлӢӨ!', 'мқҙлҜём§Җ');
INSERT INTO card (c_id, c_name, pp, c_power, c_desc, c_use_msg, c_img) VALUES ('c31', 'length', 1, 20, 'л°°м—ҙмқҙлӮҳ л¬ёмһҗм—ҙмқҳ кёёмқҙлҘј л°ҳнҷҳн•ҳлҠ” мҶҚм„ұ лҳҗлҠ” л©”м„ңл“ң.', 'н•ҳлҠҳм—җм„ң кұ°лҢҖн•ң пҪҖмһҗпҪҖк°Җ нҠҖм–ҙлӮҳмҷҖ м§Җл©ҙмқ„ лӮҙл ӨміӨлӢӨ!', 'мқҙлҜём§Җ');
INSERT INTO card (c_id, c_name, pp, c_power, c_desc, c_use_msg, c_img) VALUES ('c32', 'List', 1, 20, 'мҲңм„ңк°Җ мһҲлҠ” м»¬л үм…ҳ мқён„°нҺҳмқҙмҠӨ.', 'м№ҙл“ңм—җм„ң пҪҖл‘җлЈЁл§ҲлҰ¬пҪҖк°Җ л№ лҘҙкІҢ нҺјміҗм§Җл©° к°•нғҖн–ҲлӢӨ!', 'мқҙлҜём§Җ');
INSERT INTO card (c_id, c_name, pp, c_power, c_desc, c_use_msg, c_img) VALUES ('c33', 'trim', 0, 20, 'л¬ёмһҗм—ҙ м•һл’Өмқҳ кіөл°ұмқ„ м ңкұ°н•ҳлҠ” л©”м„ңл“ң.', 'м№ҙл“ңм—җм„ң м»ӨлӢӨлһҖ пҪҖк°Җмң„пҪҖк°Җ лӮҳнғҖлӮҳ к°Җмң„м§Ҳмқ„ н–ҲлӢӨ!', 'мқҙлҜём§Җ');
INSERT INTO card (c_id, c_name, pp, c_power, c_desc, c_use_msg, c_img) VALUES ('c34', 'this', 1, 20, 'нҳ„мһ¬ мқёмҠӨн„ҙмҠӨ мһҗмӢ мқ„ к°ҖлҰ¬нӮӨлҠ” м°ёмЎ°ліҖмҲҳ.', 'м–ҙл””м„ к°Җ пҪҖкұ°мҡё мЎ°к°ҒпҪҖл“Өмқҙ лӮ м•„мҷ”лӢӨ!', 'мқҙлҜём§Җ');
INSERT INTO card (c_id, c_name, pp, c_power, c_desc, c_use_msg, c_img) VALUES ('c35', 'Thread', 1, 20, 'лі‘л ¬ мӢӨн–үмқ„ кҙҖлҰ¬н•ҳлҠ” нҒҙлһҳмҠӨ.', 'м№ҙл“ңм—җм„ң пҪҖмӢӨпҪҖл“Өмқҙ м—¬кё°м Җкё°лЎң л»—м–ҙ лӮҳмҷ”лӢӨ!', 'мқҙлҜём§Җ');
INSERT INTO card (c_id, c_name, pp, c_power, c_desc, c_use_msg, c_img) VALUES ('c36', 'hashCode', 1, 20, 'к°қмІҙмқҳ н•ҙмӢңмҪ”л“ңлҘј л°ҳнҷҳн•ҳлҠ” л©”м„ңл“ң.', 'н•ҳлҠҳм—җм„ң пҪҖл°”мҪ”л“ң лҰ¬лҚ”кё°пҪҖк°Җ лӮҙл ӨмҷҖ лӮҙлҰ¬ м°Қм—ҲлӢӨ!', 'мқҙлҜём§Җ');
INSERT INTO card (c_id, c_name, pp, c_power, c_desc, c_use_msg, c_img) VALUES ('c37', 'object', 1, 20, 'лӘЁл“  нҒҙлһҳмҠӨмқҳ мөңмғҒмң„ л¶ҖлӘЁ нҒҙлһҳмҠӨ мқҙлҰ„.', 'н•ҳлҠҳм—җм„ң пҪҖнғқл°°мғҒмһҗпҪҖк°Җ л–Ём–ҙмЎҢлӢӨ!', 'мқҙлҜём§Җ');
INSERT INTO card (c_id, c_name, pp, c_power, c_desc, c_use_msg, c_img) VALUES ('c38', 'continue', 1, 20, 'л°ҳліөл¬ё лӮҙм—җм„ң нҳ„мһ¬ л°ҳліөл§Ң кұҙл„Ҳлӣ°кі  лӢӨмқҢ л°ҳліөмңјлЎң м§„н–ү.', 'м–ҙл””м„ к°Җ пҪҖкё°кҙҖм°ЁпҪҖк°Җ л№ лҘҙкІҢ лӢ¬л Өмҷ”лӢӨ!', 'мқҙлҜём§Җ');


INSERT INTO item (i_id, i_name, pp, hp, i_power, heal, i_use_msg, i_desc, i_img) VALUES ('i1', 'лӘ©нҷ”кіЁл“ң', 1, 0, 0, 20, 'мІҙл Ҙмқ„ 20 нҡҢліө н–ҲмҠөлӢҲлӢӨ!', 'мӣҗмЎ° м»Өн”ј л§ӣм§‘. мІҙл Ҙмқ„ 20 нҡҢліөн•ңлӢӨ.', 'мқҙлҜём§Җ');
INSERT INTO item (i_id, i_name, pp, hp, i_power, heal, i_use_msg, i_desc, i_img) VALUES ('i2', 'л»‘м№ҙмҠӨ', 1, 0, 0, 30, 'мІҙл Ҙмқ„ 30 нҡҢліө н–ҲмҠөлӢҲлӢӨ!', 'л»‘к°ҖлҠ” л§ӣмқҙлӢӨ. мІҙл Ҙмқ„ 30 нҡҢліөн•ңлӢӨ.', 'мқҙлҜём§Җ');
INSERT INTO item (i_id, i_name, pp, hp, i_power, heal, i_use_msg, i_desc, i_img) VALUES ('i3', 'лҸ„л Ҳм“°л№„', 1, 0, 0, 20, 'мІҙл Ҙмқ„ 20 нҡҢліө н–ҲмҠөлӢҲлӢӨ!', 'м„Өнғ•мқҙ мҷ•м°Ҫ л“Өм–ҙк°„ л§ӣмқҙлӢӨ. мІҙл Ҙмқ„ 20 нҡҢліөн•ңлӢӨ.', 'мқҙлҜём§Җ');
INSERT INTO item (i_id, i_name, pp, hp, i_power, heal, i_use_msg, i_desc, i_img) VALUES ('i4', 'н—үмӢқмҠӨ', 1, 0, 10, 0, 'кіөкІ©л Ҙмқ„ 5 мҰқк°Җ мӢңмј°мҠөлӢҲлӢӨ!', 'н—үн•ҳкі  лҶҖлһ„ л§ҢнҒј л§ҲмӢңлҠ” мҲңк°„ мһ мқҙ к№¬лӢӨ. кіөкІ©л Ҙмқ„ 5 мҰқк°ҖмӢңнӮЁлӢӨ.', 'мқҙлҜём§Җ');
INSERT INTO item (i_id, i_name, pp, hp, i_power, heal, i_use_msg, i_desc, i_img) VALUES ('i5', 'лҰ¬л“ңл¶Ҳ', 0, 0, 20, 0, 'кіөкІ©л Ҙмқ„ 10 мҰқк°Җ мӢңмј°мҠөлӢҲлӢӨ!', 'л°Өмқ„ мғҲлҸ„лЎқ лҰ¬л“ң н•ңлӢӨ. кіөкІ©л Ҙмқ„ 10 мҰқк°ҖмӢңнӮЁлӢӨ.', 'мқҙлҜём§Җ');
INSERT INTO item (i_id, i_name, pp, hp, i_power, heal, i_use_msg, i_desc, i_img) VALUES ('i6', 'м“°лӢӨлІ…мҠӨ м•„м•„', 1, 100, 0, 100, 'мІҙл Ҙмқҙ 100 мҳ¬лһҗмҠөлӢҲлӢӨ!', 'м“°м§Җл§Ң м»Өн”јмқҳ к·јліё. мІҙл Ҙмқ„ 100 мҳ¬л ӨмӨҖлӢӨ', 'мқҙлҜём§Җ');

INSERT INTO npc (n_id, n_name, pp, hp, power_min, power_max, c_id, i_id, is_boss, n_desc) VALUES ('n1', 'мҳҒк· ', 0, 100, 10, 15, 'c1', null, 1, 'лЁёлҰ¬к°Җ лӮҳмҒңнҺёмқҖ м•„лӢҲм§Җл§Ң кІҢмңјлҘҙлӢӨ');
INSERT INTO npc (n_id, n_name, pp, hp, power_min, power_max, c_id, i_id, is_boss, n_desc) VALUES ('n2', 'нҳңм§„', 0, 100, 25, 30, 'c2', null, 1, 'мҳҒк· кіј к°ҷмқҖ л°ҳмқҙмһҗ н”„лЎңм қнҠёлҘј к°ҷмқҙн•ҳлҠ” нҢҖмӣҗмқҙлӢӨ');
INSERT INTO npc (n_id, n_name, pp, hp, power_min, power_max, c_id, i_id, is_boss, n_desc) VALUES ('n3', 'м„ нҳҒ', 0, 30, 25, 35, 'c3', null, 1, 'мҳҒк· кіј к°ҷмқҖ л°ҳмқҙмһҗ н”„лЎңм қнҠёлҘј к°ҷмқҙн•ҳлҠ” нҢҖмӣҗмқҙлӢӨ');
INSERT INTO npc (n_id, n_name, pp, hp, power_min, power_max, c_id, i_id, is_boss, n_desc) VALUES ('n4', 'лҜёмЈј', 1, 100, 25, 30, 'c4', null, 1, 'мҲІм—җм„ң лӮҳмҳӨлҠ” ліҙмҠӨмқҙлӢӨ');
INSERT INTO npc (n_id, n_name, pp, hp, power_min, power_max, c_id, i_id, is_boss, n_desc) VALUES ('n5', 'мҶ”лҜј', 0, 100, 25, 35, 'c5', null, 1, 'мҙҲмӣҗм—җм„ң лӮҳмҳӨлҠ” ліҙмҠӨмқҙлӢӨ');
INSERT INTO npc (n_id, n_name, pp, hp, power_min, power_max, c_id, i_id, is_boss, n_desc) VALUES ('n6', 'м ңм„қ', 0, 100, 25, 40, 'c6', null, 1, 'мӮ¬л§үм—җм„ң лӮҳмҳӨлҠ” ліҙмҠӨмқҙлӢӨ');
INSERT INTO npc (n_id, n_name, pp, hp, power_min, power_max, c_id, i_id, is_boss, n_desc) VALUES ('n7', 'мҲҳм§Җ', 1, 100, 25, 45, 'c7', null, 1, 'к°•л¬јм—җм„ң лӮҳмҳӨлҠ” ліҙмҠӨмқҙлӢӨ');
INSERT INTO npc (n_id, n_name, pp, hp, power_min, power_max, c_id, i_id, is_boss, n_desc) VALUES ('n8', 'лҙүлҜј', 0, 100, 25, 50, 'c8', null, 1, 'мӢ¬н•ҙм—җм„ң лӮҳмҳӨлҠ” ліҙмҠӨмқҙлӢӨ');
INSERT INTO npc (n_id, n_name, pp, hp, power_min, power_max, c_id, i_id, is_boss, n_desc) VALUES ('n9', 'лҜјмӨ‘', 0, 100, 25, 55, 'c9', null, 1, 'нҷ”мӮ°м—җм„ң лӮҳмҳӨлҠ” ліҙмҠӨмқҙлӢӨ');
INSERT INTO npc (n_id, n_name, pp, hp, power_min, power_max, c_id, i_id, is_boss, n_desc) VALUES ('n10', 'ліҙкІҪ', 0, 100, 25, 60, 'c10', null, 1, 'мҳҒк· кіј м№ңкө¬л“Өмқ„ к°ҖлҘҙм№ҳлҠ” к°•мӮ¬мқҙлӢӨ');
INSERT INTO npc (n_id, n_name, pp, hp, power_min, power_max, c_id, i_id, is_boss, n_desc) VALUES ('n11', 'л”ёк№Қ', 0, 10000, 50, 100, 'c11', null, 1, 'мқјл§Ң мӢңнӮӨлҠ” мҳҒк· мқҙм—җкІҢ ліөмҲҳн•ҳкё° мң„н•ҙ, мҳҒк· мқҙлҘј JVM мҶҚмңјлЎң л№Ём•„л“ӨмҳҖлӢӨ');
INSERT INTO npc (n_id, n_name, pp, hp, power_min, power_max, c_id, i_id, is_boss, n_desc) VALUES ('n12', 'мәҗмӢң', 1, 100, 25, 30, null, 'i6', 1, 'л¬ҙм–ёк°ҖлҘј л§Һмқҙ к°Җм§Җкі  мһҲлӢӨ.');
INSERT INTO npc (n_id, n_name, pp, hp, power_min, power_max, c_id, i_id, is_boss, n_desc) VALUES ('n13', 'GC', 1, 100, 25, 55, 'c10', null, 1, 'к°Җл№„м§Җ м»¬л үн„°');
INSERT INTO npc (n_id, n_name, pp, hp, power_min, power_max, c_id, i_id, is_boss, n_desc) VALUES ('n14', 'л№Ёк°„ л¬ҙлӢ№лІҢлһҳ', 1, 50, 5, 15, 'c12', null, 0, 'л№Ёк°„мғүмқҙлӢӨ');
INSERT INTO npc (n_id, n_name, pp, hp, power_min, power_max, c_id, i_id, is_boss, n_desc) VALUES ('n15', 'мЈјнҷ© л¬ҙлӢ№лІҢлһҳ', 1, 50, 5, 15, 'c13', null, 0, 'мЈјнҷ©мғүмқҙлӢӨ');
INSERT INTO npc (n_id, n_name, pp, hp, power_min, power_max, c_id, i_id, is_boss, n_desc) VALUES ('n16', 'л…ёлһ‘ л¬ҙлӢ№лІҢлһҳ', 1, 50, 5, 15, 'c14', null, 0, 'л…ёлһҖмғүмқҙлӢӨ');
INSERT INTO npc (n_id, n_name, pp, hp, power_min, power_max, c_id, i_id, is_boss, n_desc) VALUES ('n17', 'мҙҲлЎқ л¬ҙлӢ№лІҢлһҳ', 1, 50, 5, 15, 'c15', null, 0, 'мҙҲлЎқмғүмқҙлӢӨ');
INSERT INTO npc (n_id, n_name, pp, hp, power_min, power_max, c_id, i_id, is_boss, n_desc) VALUES ('n18', 'нҢҢлһ‘ л¬ҙлӢ№лІҢлһҳ', 1, 50, 5, 15, 'c16', null, 0, 'нҢҢлһҖмғүмқҙлӢӨ');
INSERT INTO npc (n_id, n_name, pp, hp, power_min, power_max, c_id, i_id, is_boss, n_desc) VALUES ('n19', 'лӮЁмғү л¬ҙлӢ№лІҢлһҳ', 1, 50, 5, 15, 'c17', null, 0, 'лӮЁмғүмқҙлӢӨ');
INSERT INTO npc (n_id, n_name, pp, hp, power_min, power_max, c_id, i_id, is_boss, n_desc) VALUES ('n20', 'ліҙлқј л¬ҙлӢ№лІҢлһҳ', 1, 50, 5, 15, 'c18', null, 0, 'ліҙлқјмғүмқҙлӢӨ');
INSERT INTO npc (n_id, n_name, pp, hp, power_min, power_max, c_id, i_id, is_boss, n_desc) VALUES ('n21', 'кІҖм • л¬ҙлӢ№лІҢлһҳ', 1, 50, 5, 15, 'c19', null, 0, 'кІҖм •мғүмқҙлӢӨ');
INSERT INTO npc (n_id, n_name, pp, hp, power_min, power_max, c_id, i_id, is_boss, n_desc) VALUES ('n22', 'нқ°мғү л¬ҙлӢ№лІҢлһҳ', 1, 50, 5, 15, 'c20', null, 0, 'нқ°мғүмқҙлӢӨ');
INSERT INTO npc (n_id, n_name, pp, hp, power_min, power_max, c_id, i_id, is_boss, n_desc) VALUES ('n23', 'л№Ёк°• лӮҳл°©', 0, 50, 5, 15, 'c21', null, 0, 'л№Ёк°„мғүмқҙлӢӨ');
INSERT INTO npc (n_id, n_name, pp, hp, power_min, power_max, c_id, i_id, is_boss, n_desc) VALUES ('n24', 'мЈјнҷ© лӮҳл°©', 0, 50, 5, 15, 'c22', null, 0, 'мЈјнҷ©мғүмқҙлӢӨ');
INSERT INTO npc (n_id, n_name, pp, hp, power_min, power_max, c_id, i_id, is_boss, n_desc) VALUES ('n25', 'л…ёлһ‘ лӮҳл°©', 0, 50, 5, 15, 'c23', null, 0, 'л…ёлһҖмғүмқҙлӢӨ');
INSERT INTO npc (n_id, n_name, pp, hp, power_min, power_max, c_id, i_id, is_boss, n_desc) VALUES ('n26', 'мҙҲлЎқ лӮҳл°©', 0, 50, 5, 15, 'c24', null, 0, 'мҙҲлЎқмғүмқҙлӢӨ');
INSERT INTO npc (n_id, n_name, pp, hp, power_min, power_max, c_id, i_id, is_boss, n_desc) VALUES ('n27', 'нҢҢлһ‘ лӮҳл°©', 0, 50, 5, 15, 'c25', null, 0, 'нҢҢлһҖмғүмқҙлӢӨ');
INSERT INTO npc (n_id, n_name, pp, hp, power_min, power_max, c_id, i_id, is_boss, n_desc) VALUES ('n28', 'лӮЁмғү лӮҳл°©', 0, 50, 5, 15, 'c26', null, 0, 'лӮЁмғүмқҙлӢӨ');
INSERT INTO npc (n_id, n_name, pp, hp, power_min, power_max, c_id, i_id, is_boss, n_desc) VALUES ('n29', 'ліҙлқј лӮҳл°©', 0, 50, 5, 15, 'c27', null, 0, 'ліҙлқјмғүмқҙлӢӨ');
INSERT INTO npc (n_id, n_name, pp, hp, power_min, power_max, c_id, i_id, is_boss, n_desc) VALUES ('n30', 'кІҖм • лӮҳл°©', 0, 50, 5, 15, 'c28', null, 0, 'кІҖм •мғүмқҙлӢӨ');
INSERT INTO npc (n_id, n_name, pp, hp, power_min, power_max, c_id, i_id, is_boss, n_desc) VALUES ('n31', 'нқ°мғү лӮҳл°©', 0, 50, 5, 15, 'c29', null, 0, 'нқ°мғүмқҙлӢӨ');
INSERT INTO npc (n_id, n_name, pp, hp, power_min, power_max, c_id, i_id, is_boss, n_desc) VALUES ('n32', 'л№Ёк°• нҢҢлҰ¬', 1, 50, 5, 15, 'c30', null, 0, 'л№Ёк°„мғүмқҙлӢӨ');
INSERT INTO npc (n_id, n_name, pp, hp, power_min, power_max, c_id, i_id, is_boss, n_desc) VALUES ('n33', 'мЈјнҷ© нҢҢлҰ¬', 1, 50, 5, 15, 'c31', null, 0, 'мЈјнҷ©мғүмқҙлӢӨ');
INSERT INTO npc (n_id, n_name, pp, hp, power_min, power_max, c_id, i_id, is_boss, n_desc) VALUES ('n34', 'л…ёлһ‘ нҢҢлҰ¬', 1, 50, 5, 15, 'c32', null, 0, 'л…ёлһҖмғүмқҙлӢӨ');
INSERT INTO npc (n_id, n_name, pp, hp, power_min, power_max, c_id, i_id, is_boss, n_desc) VALUES ('n35', 'мҙҲлЎқ нҢҢлҰ¬', 1, 50, 5, 15, 'c33', null, 0, 'мҙҲлЎқмғүмқҙлӢӨ');
INSERT INTO npc (n_id, n_name, pp, hp, power_min, power_max, c_id, i_id, is_boss, n_desc) VALUES ('n36', 'нҢҢлһ‘ нҢҢлҰ¬', 1, 50, 5, 15, 'c34', null, 0, 'нҢҢлһҖмғүмқҙлӢӨ');
INSERT INTO npc (n_id, n_name, pp, hp, power_min, power_max, c_id, i_id, is_boss, n_desc) VALUES ('n37', 'лӮЁмғү нҢҢлҰ¬', 1, 50, 5, 15, 'c35', null, 0, 'лӮЁмғүмқҙлӢӨ');
INSERT INTO npc (n_id, n_name, pp, hp, power_min, power_max, c_id, i_id, is_boss, n_desc) VALUES ('n38', 'ліҙлқј нҢҢлҰ¬', 1, 50, 5, 15, 'c36', null, 0, 'ліҙлқјмғүмқҙлӢӨ');
INSERT INTO npc (n_id, n_name, pp, hp, power_min, power_max, c_id, i_id, is_boss, n_desc) VALUES ('n39', 'кІҖм • нҢҢлҰ¬', 1, 50, 5, 15, 'c37', null, 0, 'кІҖм •мғүмқҙлӢӨ');
INSERT INTO npc (n_id, n_name, pp, hp, power_min, power_max, c_id, i_id, is_boss, n_desc) VALUES ('n40', 'нқ°мғү нҢҢлҰ¬', 1, 50, 5, 15, 'c38', null, 0, 'нқ°мғүмқҙлӢӨ');
INSERT INTO npc (n_id, n_name, pp, hp, power_min, power_max, c_id, i_id, is_boss, n_desc) VALUES ('n41', 'л¶„нҷҚмғү л¬ҙлӢ№лІҢлһҳ', 1, 50, 5, 15, null, 'i1', 0, 'л¶„нҷҚмғүмқҙлӢӨ');
INSERT INTO npc (n_id, n_name, pp, hp, power_min, power_max, c_id, i_id, is_boss, n_desc) VALUES ('n42', 'м—°л‘җмғү л¬ҙлӢ№лІҢлһҳ', 1, 50, 5, 15, null, 'i2', 0, 'м—°л‘җмғүмқҙлӢӨ');
INSERT INTO npc (n_id, n_name, pp, hp, power_min, power_max, c_id, i_id, is_boss, n_desc) VALUES ('n43', 'н•ҳлҠҳмғү л¬ҙлӢ№лІҢлһҳ', 1, 50, 5, 15, null, 'i3', 0, 'н•ҳлҠҳмғүмқҙлӢӨ');
INSERT INTO npc (n_id, n_name, pp, hp, power_min, power_max, c_id, i_id, is_boss, n_desc) VALUES ('n44', 'к°Ҳмғү л¬ҙлӢ№лІҢлһҳ', 1, 50, 5, 15, null, 'i4', 0, 'к°ҲмғүмқҙлӢӨ');
INSERT INTO npc (n_id, n_name, pp, hp, power_min, power_max, c_id, i_id, is_boss, n_desc) VALUES ('n45', 'нҡҢмғү л¬ҙлӢ№лІҢлһҳ', 1, 50, 5, 15, null, 'i5', 0, 'нҡҢмғүмқҙлӢӨ');
INSERT INTO npc (n_id, n_name, pp, hp, power_min, power_max, c_id, i_id, is_boss, n_desc) VALUES ('n46', 'л¶„нҷҚмғү лӮҳл°©', 0, 50, 5, 15, null, 'i1', 0, 'л¶„нҷҚмғүмқҙлӢӨ');
INSERT INTO npc (n_id, n_name, pp, hp, power_min, power_max, c_id, i_id, is_boss, n_desc) VALUES ('n47', 'м—°л‘җмғү лӮҳл°©', 0, 50, 5, 15, null, 'i2', 0, 'м—°л‘җмғүмқҙлӢӨ');
INSERT INTO npc (n_id, n_name, pp, hp, power_min, power_max, c_id, i_id, is_boss, n_desc) VALUES ('n48', 'н•ҳлҠҳмғү лӮҳл°©', 0, 50, 5, 15, null, 'i3', 0, 'н•ҳлҠҳмғүмқҙлӢӨ');
INSERT INTO npc (n_id, n_name, pp, hp, power_min, power_max, c_id, i_id, is_boss, n_desc) VALUES ('n49', 'к°Ҳмғү лӮҳл°©', 0, 50, 5, 15, null, 'i4', 0, 'к°ҲмғүмқҙлӢӨ');
INSERT INTO npc (n_id, n_name, pp, hp, power_min, power_max, c_id, i_id, is_boss, n_desc) VALUES ('n50', 'нҡҢмғү лӮҳл°©', 0, 50, 5, 15, null, 'i5', 0, 'нҡҢмғүмқҙлӢӨ');
INSERT INTO npc (n_id, n_name, pp, hp, power_min, power_max, c_id, i_id, is_boss, n_desc) VALUES ('n51', 'л¶„нҷҚмғү нҢҢлҰ¬', 1, 50, 5, 15, null, 'i1', 0, 'л¶„нҷҚмғүмқҙлӢӨ');
INSERT INTO npc (n_id, n_name, pp, hp, power_min, power_max, c_id, i_id, is_boss, n_desc) VALUES ('n52', 'м—°л‘җмғү нҢҢлҰ¬', 1, 50, 5, 15, null, 'i2', 0, 'м—°л‘җмғүмқҙлӢӨ');
INSERT INTO npc (n_id, n_name, pp, hp, power_min, power_max, c_id, i_id, is_boss, n_desc) VALUES ('n53', 'н•ҳлҠҳмғү нҢҢлҰ¬', 1, 50, 5, 15, null, 'i3', 0, 'н•ҳлҠҳмғүмқҙлӢӨ');
INSERT INTO npc (n_id, n_name, pp, hp, power_min, power_max, c_id, i_id, is_boss, n_desc) VALUES ('n54', 'к°Ҳмғү нҢҢлҰ¬', 1, 50, 5, 15, null, 'i4', 0, 'к°ҲмғүмқҙлӢӨ');
INSERT INTO npc (n_id, n_name, pp, hp, power_min, power_max, c_id, i_id, is_boss, n_desc) VALUES ('n55', 'нҡҢмғү нҢҢлҰ¬', 1, 50, 5, 15, null, 'i5', 0, 'нҡҢмғүмқҙлӢӨ');


INSERT INTO stage (s_id, s_row, s_column, f_level, s_type, s_prob, n_id) VALUES ('1_a1', 1, 'a', 1, 'start', 100, null);
INSERT INTO stage (s_id, s_row, s_column, f_level, s_type, s_prob, n_id) VALUES ('1_a5', 5, 'a', 1, 'finish', 100, null);
INSERT INTO stage (s_id, s_row, s_column, f_level, s_type, s_prob, n_id) VALUES ('2_a1', 1, 'a', 2, 'start', 100, null);
INSERT INTO stage (s_id, s_row, s_column, f_level, s_type, s_prob, n_id) VALUES ('2_a2', 2, 'a', 2, 'v', 100, null);
INSERT INTO stage (s_id, s_row, s_column, f_level, s_type, s_prob, n_id) VALUES ('2_a3', 3, 'a', 2, 'npc_i', 0, 'n41');
INSERT INTO stage (s_id, s_row, s_column, f_level, s_type, s_prob, n_id) VALUES ('2_a4', 4, 'a', 2, 'w', 100, null);
INSERT INTO stage (s_id, s_row, s_column, f_level, s_type, s_prob, n_id) VALUES ('2_a5', 5, 'a', 2, 'finish', 100, null);
INSERT INTO stage (s_id, s_row, s_column, f_level, s_type, s_prob, n_id) VALUES ('2_b1', 1, 'b', 2, 'w', 100, null);
INSERT INTO stage (s_id, s_row, s_column, f_level, s_type, s_prob, n_id) VALUES ('2_b2', 2, 'b', 2, 'npc_i', 0, 'n14');
INSERT INTO stage (s_id, s_row, s_column, f_level, s_type, s_prob, n_id) VALUES ('2_b3', 3, 'b', 2, 'w', 100, null);
INSERT INTO stage (s_id, s_row, s_column, f_level, s_type, s_prob, n_id) VALUES ('2_b4', 4, 'b', 2, 'v', 100, null);
INSERT INTO stage (s_id, s_row, s_column, f_level, s_type, s_prob, n_id) VALUES ('2_b5', 5, 'b', 2, 'npc_i', 0, 'n19');
INSERT INTO stage (s_id, s_row, s_column, f_level, s_type, s_prob, n_id) VALUES ('2_c1', 1, 'c', 2, 'npc_i', 0, 'n46');
INSERT INTO stage (s_id, s_row, s_column, f_level, s_type, s_prob, n_id) VALUES ('2_c2', 2, 'c', 2, 'v', 100, null);
INSERT INTO stage (s_id, s_row, s_column, f_level, s_type, s_prob, n_id) VALUES ('2_c3', 3, 'c', 2, 'w', 100, null);
INSERT INTO stage (s_id, s_row, s_column, f_level, s_type, s_prob, n_id) VALUES ('2_c4', 4, 'c', 2, 'npc_i', 0, 'n42');
INSERT INTO stage (s_id, s_row, s_column, f_level, s_type, s_prob, n_id) VALUES ('2_c5', 5, 'c', 2, 'w', 100, null);
INSERT INTO stage (s_id, s_row, s_column, f_level, s_type, s_prob, n_id) VALUES ('2_d1', 1, 'd', 2, 'w', 100, null);
INSERT INTO stage (s_id, s_row, s_column, f_level, s_type, s_prob, n_id) VALUES ('2_d2', 2, 'd', 2, 'npc_i', 0, 'n15');
INSERT INTO stage (s_id, s_row, s_column, f_level, s_type, s_prob, n_id) VALUES ('2_d3', 3, 'd', 2, 'npc_i', 0, 'n51');
INSERT INTO stage (s_id, s_row, s_column, f_level, s_type, s_prob, n_id) VALUES ('2_d4', 4, 'd', 2, 'v', 100, null);
INSERT INTO stage (s_id, s_row, s_column, f_level, s_type, s_prob, n_id) VALUES ('2_d5', 5, 'd', 2, 'npc_i', 0, 'n18');
INSERT INTO stage (s_id, s_row, s_column, f_level, s_type, s_prob, n_id) VALUES ('2_e1', 1, 'e', 2, 'event_semicolon', 0, null);
INSERT INTO stage (s_id, s_row, s_column, f_level, s_type, s_prob, n_id) VALUES ('2_e2', 2, 'e', 2, 'v', 100, null);
INSERT INTO stage (s_id, s_row, s_column, f_level, s_type, s_prob, n_id) VALUES ('2_e3', 3, 'e', 2, 'w', 100, null);
INSERT INTO stage (s_id, s_row, s_column, f_level, s_type, s_prob, n_id) VALUES ('2_e4', 4, 'e', 2, 'w', 100, null);
INSERT INTO stage (s_id, s_row, s_column, f_level, s_type, s_prob, n_id) VALUES ('2_e5', 5, 'e', 2, 'event_comment', 100, null);
INSERT INTO stage (s_id, s_row, s_column, f_level, s_type, s_prob, n_id) VALUES ('3_a1', 1, 'a', 3, 'start', 100, null);
INSERT INTO stage (s_id, s_row, s_column, f_level, s_type, s_prob, n_id) VALUES ('3_a2', 2, 'a', 3, 'w', 100, null);
INSERT INTO stage (s_id, s_row, s_column, f_level, s_type, s_prob, n_id) VALUES ('3_a3', 3, 'a', 3, 'npc_i', 0, 'n17');
INSERT INTO stage (s_id, s_row, s_column, f_level, s_type, s_prob, n_id) VALUES ('3_a4', 4, 'a', 3, 'npc_i', 0, 'n41');
INSERT INTO stage (s_id, s_row, s_column, f_level, s_type, s_prob, n_id) VALUES ('3_a5', 5, 'a', 3, 'finish', 100, null);
INSERT INTO stage (s_id, s_row, s_column, f_level, s_type, s_prob, n_id) VALUES ('3_b1', 1, 'b', 3, 'npc_i', 0, 'n46');
INSERT INTO stage (s_id, s_row, s_column, f_level, s_type, s_prob, n_id) VALUES ('3_b2', 2, 'b', 3, 'v', 100, null);
INSERT INTO stage (s_id, s_row, s_column, f_level, s_type, s_prob, n_id) VALUES ('3_b3', 3, 'b', 3, 'w', 100, null);
INSERT INTO stage (s_id, s_row, s_column, f_level, s_type, s_prob, n_id) VALUES ('3_b4', 4, 'b', 3, 'npc_i', 0, 'n20');
INSERT INTO stage (s_id, s_row, s_column, f_level, s_type, s_prob, n_id) VALUES ('3_b5', 5, 'b', 3, 'w', 100, null);
INSERT INTO stage (s_id, s_row, s_column, f_level, s_type, s_prob, n_id) VALUES ('3_c1', 1, 'c', 3, 'w', 100, null);
INSERT INTO stage (s_id, s_row, s_column, f_level, s_type, s_prob, n_id) VALUES ('3_c2', 2, 'c', 3, 'npc_i', 0, 'n16');
INSERT INTO stage (s_id, s_row, s_column, f_level, s_type, s_prob, n_id) VALUES ('3_c3', 3, 'c', 3, 'v', 100, null);
INSERT INTO stage (s_id, s_row, s_column, f_level, s_type, s_prob, n_id) VALUES ('3_c4', 4, 'c', 3, 'npc_i', 0, 'n54');
INSERT INTO stage (s_id, s_row, s_column, f_level, s_type, s_prob, n_id) VALUES ('3_c5', 5, 'c', 3, 'event_engine', 100, null);
INSERT INTO stage (s_id, s_row, s_column, f_level, s_type, s_prob, n_id) VALUES ('3_d1', 1, 'd', 3, 'w', 100, null);
INSERT INTO stage (s_id, s_row, s_column, f_level, s_type, s_prob, n_id) VALUES ('3_d2', 2, 'd', 3, 'v', 100, null);
INSERT INTO stage (s_id, s_row, s_column, f_level, s_type, s_prob, n_id) VALUES ('3_d3', 3, 'd', 3, 'w', 100, null);
INSERT INTO stage (s_id, s_row, s_column, f_level, s_type, s_prob, n_id) VALUES ('3_d4', 4, 'd', 3, 'w', 100, null);
INSERT INTO stage (s_id, s_row, s_column, f_level, s_type, s_prob, n_id) VALUES ('3_d5', 5, 'd', 3, 'npc_i', 0, 'n28');
INSERT INTO stage (s_id, s_row, s_column, f_level, s_type, s_prob, n_id) VALUES ('3_e1', 1, 'e', 3, 'npc_i', 0, 'n52');
INSERT INTO stage (s_id, s_row, s_column, f_level, s_type, s_prob, n_id) VALUES ('3_e2', 2, 'e', 3, 'v', 100, null);
INSERT INTO stage (s_id, s_row, s_column, f_level, s_type, s_prob, n_id) VALUES ('3_e3', 3, 'e', 3, 'npc_i', 0, 'n27');
INSERT INTO stage (s_id, s_row, s_column, f_level, s_type, s_prob, n_id) VALUES ('3_e4', 4, 'e', 3, 'event_door', 0, null);
INSERT INTO stage (s_id, s_row, s_column, f_level, s_type, s_prob, n_id) VALUES ('3_e5', 5, 'e', 3, 'w', 100, null);
INSERT INTO stage (s_id, s_row, s_column, f_level, s_type, s_prob, n_id) VALUES ('4_a1', 1, 'a', 4, 'start', 100, null);
INSERT INTO stage (s_id, s_row, s_column, f_level, s_type, s_prob, n_id) VALUES ('4_a2', 2, 'a', 4, 'w', 100, null);
INSERT INTO stage (s_id, s_row, s_column, f_level, s_type, s_prob, n_id) VALUES ('4_a3', 3, 'a', 4, 'npc_i', 0, 'n48');
INSERT INTO stage (s_id, s_row, s_column, f_level, s_type, s_prob, n_id) VALUES ('4_a4', 4, 'a', 4, 'npc_i', 0, 'n21');
INSERT INTO stage (s_id, s_row, s_column, f_level, s_type, s_prob, n_id) VALUES ('4_a5', 5, 'a', 4, 'finish', 100, null);
INSERT INTO stage (s_id, s_row, s_column, f_level, s_type, s_prob, n_id) VALUES ('4_b1', 1, 'b', 4, 'npc_i', 0, 'n51');
INSERT INTO stage (s_id, s_row, s_column, f_level, s_type, s_prob, n_id) VALUES ('4_b2', 2, 'b', 4, 'w', 100, null);
INSERT INTO stage (s_id, s_row, s_column, f_level, s_type, s_prob, n_id) VALUES ('4_b3', 3, 'b', 4, 'w', 100, null);
INSERT INTO stage (s_id, s_row, s_column, f_level, s_type, s_prob, n_id) VALUES ('4_b4', 4, 'b', 4, 'v', 100, null);
INSERT INTO stage (s_id, s_row, s_column, f_level, s_type, s_prob, n_id) VALUES ('4_b5', 5, 'b', 4, 'w', 100, null);
INSERT INTO stage (s_id, s_row, s_column, f_level, s_type, s_prob, n_id) VALUES ('4_c1', 1, 'c', 4, 'npc_i', 0, 'n23');
INSERT INTO stage (s_id, s_row, s_column, f_level, s_type, s_prob, n_id) VALUES ('4_c2', 2, 'c', 4, 'v', 100, null);
INSERT INTO stage (s_id, s_row, s_column, f_level, s_type, s_prob, n_id) VALUES ('4_c3', 3, 'c', 4, 'event_betrayal', 0, null);
INSERT INTO stage (s_id, s_row, s_column, f_level, s_type, s_prob, n_id) VALUES ('4_c4', 4, 'c', 4, 'v', 100, null);
INSERT INTO stage (s_id, s_row, s_column, f_level, s_type, s_prob, n_id) VALUES ('4_c5', 5, 'c', 4, 'npc_i', 0, 'n22');
INSERT INTO stage (s_id, s_row, s_column, f_level, s_type, s_prob, n_id) VALUES ('4_d1', 1, 'd', 4, 'npc_i', 0, 'n41');
INSERT INTO stage (s_id, s_row, s_column, f_level, s_type, s_prob, n_id) VALUES ('4_d2', 2, 'd', 4, 'w', 100, null);
INSERT INTO stage (s_id, s_row, s_column, f_level, s_type, s_prob, n_id) VALUES ('4_d3', 3, 'd', 4, 'v', 100, null);
INSERT INTO stage (s_id, s_row, s_column, f_level, s_type, s_prob, n_id) VALUES ('4_d4', 4, 'd', 4, 'w', 100, null);
INSERT INTO stage (s_id, s_row, s_column, f_level, s_type, s_prob, n_id) VALUES ('4_d5', 5, 'd', 4, 'npc_i', 0, 'n52');
INSERT INTO stage (s_id, s_row, s_column, f_level, s_type, s_prob, n_id) VALUES ('4_e1', 1, 'e', 4, 'w', 100, null);
INSERT INTO stage (s_id, s_row, s_column, f_level, s_type, s_prob, n_id) VALUES ('4_e2', 2, 'e', 4, 'npc_i', 0, 'n24');
INSERT INTO stage (s_id, s_row, s_column, f_level, s_type, s_prob, n_id) VALUES ('4_e3', 3, 'e', 4, 'v', 100, null);
INSERT INTO stage (s_id, s_row, s_column, f_level, s_type, s_prob, n_id) VALUES ('4_e4', 4, 'e', 4, 'npc_i', 0, 'n43');
INSERT INTO stage (s_id, s_row, s_column, f_level, s_type, s_prob, n_id) VALUES ('4_e5', 5, 'e', 4, 'w', 100, null);
INSERT INTO stage (s_id, s_row, s_column, f_level, s_type, s_prob, n_id) VALUES ('5_a1', 1, 'a', 5, 'start', 100, null);
INSERT INTO stage (s_id, s_row, s_column, f_level, s_type, s_prob, n_id) VALUES ('5_a2', 2, 'a', 5, 'v', 100, null);
INSERT INTO stage (s_id, s_row, s_column, f_level, s_type, s_prob, n_id) VALUES ('5_a3', 3, 'a', 5, 'w', 100, null);
INSERT INTO stage (s_id, s_row, s_column, f_level, s_type, s_prob, n_id) VALUES ('5_a4', 4, 'a', 5, 'w', 100, null);
INSERT INTO stage (s_id, s_row, s_column, f_level, s_type, s_prob, n_id) VALUES ('5_a5', 5, 'a', 5, 'finish', 100, null);
INSERT INTO stage (s_id, s_row, s_column, f_level, s_type, s_prob, n_id) VALUES ('5_b1', 1, 'b', 5, 'npc_i', 0, 'n25');
INSERT INTO stage (s_id, s_row, s_column, f_level, s_type, s_prob, n_id) VALUES ('5_b2', 2, 'b', 5, 'w', 100, null);
INSERT INTO stage (s_id, s_row, s_column, f_level, s_type, s_prob, n_id) VALUES ('5_b3', 3, 'b', 5, 'npc_i', 0, 'n47');
INSERT INTO stage (s_id, s_row, s_column, f_level, s_type, s_prob, n_id) VALUES ('5_b4', 4, 'b', 5, 'w', 100, null);
INSERT INTO stage (s_id, s_row, s_column, f_level, s_type, s_prob, n_id) VALUES ('5_b5', 5, 'b', 5, 'npc_i', 0, 'n46');
INSERT INTO stage (s_id, s_row, s_column, f_level, s_type, s_prob, n_id) VALUES ('5_c1', 1, 'c', 5, 'v', 100, null);
INSERT INTO stage (s_id, s_row, s_column, f_level, s_type, s_prob, n_id) VALUES ('5_c2', 2, 'c', 5, 'npc_i', 0, 'n30');
INSERT INTO stage (s_id, s_row, s_column, f_level, s_type, s_prob, n_id) VALUES ('5_c3', 3, 'c', 5, 'v', 100, null);
INSERT INTO stage (s_id, s_row, s_column, f_level, s_type, s_prob, n_id) VALUES ('5_c4', 4, 'c', 5, 'npc_i', 0, 'n26');
INSERT INTO stage (s_id, s_row, s_column, f_level, s_type, s_prob, n_id) VALUES ('5_c5', 5, 'c', 5, 'v', 100, null);
INSERT INTO stage (s_id, s_row, s_column, f_level, s_type, s_prob, n_id) VALUES ('5_d1', 1, 'd', 5, 'npc_i', 0, 'n44');
INSERT INTO stage (s_id, s_row, s_column, f_level, s_type, s_prob, n_id) VALUES ('5_d2', 2, 'd', 5, 'w', 100, null);
INSERT INTO stage (s_id, s_row, s_column, f_level, s_type, s_prob, n_id) VALUES ('5_d3', 3, 'd', 5, 'npc_i', 0, 'n42');
INSERT INTO stage (s_id, s_row, s_column, f_level, s_type, s_prob, n_id) VALUES ('5_d4', 4, 'd', 5, 'w', 100, null);
INSERT INTO stage (s_id, s_row, s_column, f_level, s_type, s_prob, n_id) VALUES ('5_d5', 5, 'd', 5, 'w', 100, null);
INSERT INTO stage (s_id, s_row, s_column, f_level, s_type, s_prob, n_id) VALUES ('5_e1', 1, 'e', 5, 'w', 100, null);
INSERT INTO stage (s_id, s_row, s_column, f_level, s_type, s_prob, n_id) VALUES ('5_e2', 2, 'e', 5, 'npc_i', 0, 'n31');
INSERT INTO stage (s_id, s_row, s_column, f_level, s_type, s_prob, n_id) VALUES ('5_e3', 3, 'e', 5, 'v', 100, null);
INSERT INTO stage (s_id, s_row, s_column, f_level, s_type, s_prob, n_id) VALUES ('5_e4', 4, 'e', 5, 'npc_i', 0, 'n29');
INSERT INTO stage (s_id, s_row, s_column, f_level, s_type, s_prob, n_id) VALUES ('5_e5', 5, 'e', 5, 'npc_i', 100, 'n49');
INSERT INTO stage (s_id, s_row, s_column, f_level, s_type, s_prob, n_id) VALUES ('6_a1', 1, 'a', 6, 'start', 100, null);
INSERT INTO stage (s_id, s_row, s_column, f_level, s_type, s_prob, n_id) VALUES ('6_a2', 2, 'a', 6, 'v', 100, null);
INSERT INTO stage (s_id, s_row, s_column, f_level, s_type, s_prob, n_id) VALUES ('6_a3', 3, 'a', 6, 'npc_i', 0, 'n47');
INSERT INTO stage (s_id, s_row, s_column, f_level, s_type, s_prob, n_id) VALUES ('6_a4', 4, 'a', 6, 'w', 100, null);
INSERT INTO stage (s_id, s_row, s_column, f_level, s_type, s_prob, n_id) VALUES ('6_a5', 5, 'a', 6, 'finish', 100, null);
INSERT INTO stage (s_id, s_row, s_column, f_level, s_type, s_prob, n_id) VALUES ('6_b1', 1, 'b', 6, 'w', 100, null);
INSERT INTO stage (s_id, s_row, s_column, f_level, s_type, s_prob, n_id) VALUES ('6_b2', 2, 'b', 6, 'npc_i', 0, 'n46');
INSERT INTO stage (s_id, s_row, s_column, f_level, s_type, s_prob, n_id) VALUES ('6_b3', 3, 'b', 6, 'w', 100, null);
INSERT INTO stage (s_id, s_row, s_column, f_level, s_type, s_prob, n_id) VALUES ('6_b4', 4, 'b', 6, 'npc_i', 0, 'n48');
INSERT INTO stage (s_id, s_row, s_column, f_level, s_type, s_prob, n_id) VALUES ('6_b5', 5, 'b', 6, 'npc_i', 0, 'n36');
INSERT INTO stage (s_id, s_row, s_column, f_level, s_type, s_prob, n_id) VALUES ('6_c1', 1, 'c', 6, 'w', 100, null);
INSERT INTO stage (s_id, s_row, s_column, f_level, s_type, s_prob, n_id) VALUES ('6_c2', 2, 'c', 6, 'v', 100, null);
INSERT INTO stage (s_id, s_row, s_column, f_level, s_type, s_prob, n_id) VALUES ('6_c3', 3, 'c', 6, 'npc_i', 0, 'n32');
INSERT INTO stage (s_id, s_row, s_column, f_level, s_type, s_prob, n_id) VALUES ('6_c4', 4, 'c', 6, 'v', 100, null);
INSERT INTO stage (s_id, s_row, s_column, f_level, s_type, s_prob, n_id) VALUES ('6_c5', 5, 'c', 6, 'w', 100, null);
INSERT INTO stage (s_id, s_row, s_column, f_level, s_type, s_prob, n_id) VALUES ('6_d1', 1, 'd', 6, 'npc_i', 0, 'n52');
INSERT INTO stage (s_id, s_row, s_column, f_level, s_type, s_prob, n_id) VALUES ('6_d2', 2, 'd', 6, 'v', 100, null);
INSERT INTO stage (s_id, s_row, s_column, f_level, s_type, s_prob, n_id) VALUES ('6_d3', 3, 'd', 6, 'w', 100, null);
INSERT INTO stage (s_id, s_row, s_column, f_level, s_type, s_prob, n_id) VALUES ('6_d4', 4, 'd', 6, 'npc_i', 0, 'n37');
INSERT INTO stage (s_id, s_row, s_column, f_level, s_type, s_prob, n_id) VALUES ('6_d5', 5, 'd', 6, 'npc_i', 0, 'n42');
INSERT INTO stage (s_id, s_row, s_column, f_level, s_type, s_prob, n_id) VALUES ('6_e1', 1, 'e', 6, 'w', 100, null);
INSERT INTO stage (s_id, s_row, s_column, f_level, s_type, s_prob, n_id) VALUES ('6_e2', 2, 'e', 6, 'npc_i', 0, 'n33');
INSERT INTO stage (s_id, s_row, s_column, f_level, s_type, s_prob, n_id) VALUES ('6_e3', 3, 'e', 6, 'npc_i', 0, 'n54');
INSERT INTO stage (s_id, s_row, s_column, f_level, s_type, s_prob, n_id) VALUES ('6_e4', 4, 'e', 6, 'w', 100, null);
INSERT INTO stage (s_id, s_row, s_column, f_level, s_type, s_prob, n_id) VALUES ('6_e5', 5, 'e', 6, 'event_cache', 100, null);
INSERT INTO stage (s_id, s_row, s_column, f_level, s_type, s_prob, n_id) VALUES ('7_a1', 1, 'a', 7, 'start', 100, null);
INSERT INTO stage (s_id, s_row, s_column, f_level, s_type, s_prob, n_id) VALUES ('7_a2', 2, 'a', 7, 'v', 100, null);
INSERT INTO stage (s_id, s_row, s_column, f_level, s_type, s_prob, n_id) VALUES ('7_a3', 3, 'a', 7, 'npc_i', 0, 'n53');
INSERT INTO stage (s_id, s_row, s_column, f_level, s_type, s_prob, n_id) VALUES ('7_a4', 4, 'a', 7, 'w', 100, null);
INSERT INTO stage (s_id, s_row, s_column, f_level, s_type, s_prob, n_id) VALUES ('7_a5', 5, 'a', 7, 'npc_i', 0, 'n45');
INSERT INTO stage (s_id, s_row, s_column, f_level, s_type, s_prob, n_id) VALUES ('7_b1', 1, 'b', 7, 'npc_i', 0, 'n50');
INSERT INTO stage (s_id, s_row, s_column, f_level, s_type, s_prob, n_id) VALUES ('7_b2', 2, 'b', 7, 'w', 100, null);
INSERT INTO stage (s_id, s_row, s_column, f_level, s_type, s_prob, n_id) VALUES ('7_b3', 3, 'b', 7, 'w', 100, null);
INSERT INTO stage (s_id, s_row, s_column, f_level, s_type, s_prob, n_id) VALUES ('7_b4', 4, 'b', 7, 'v', 100, null);
INSERT INTO stage (s_id, s_row, s_column, f_level, s_type, s_prob, n_id) VALUES ('7_b5', 5, 'b', 7, 'npc_i', 0, 'n35');
INSERT INTO stage (s_id, s_row, s_column, f_level, s_type, s_prob, n_id) VALUES ('7_c1', 1, 'c', 7, 'npc_i', 0, 'n38');
INSERT INTO stage (s_id, s_row, s_column, f_level, s_type, s_prob, n_id) VALUES ('7_c2', 2, 'c', 7, 'v', 100, null);
INSERT INTO stage (s_id, s_row, s_column, f_level, s_type, s_prob, n_id) VALUES ('7_c3', 3, 'c', 7, 'npc_i', 0, 'n39');
INSERT INTO stage (s_id, s_row, s_column, f_level, s_type, s_prob, n_id) VALUES ('7_c4', 4, 'c', 7, 'v', 100, null);
INSERT INTO stage (s_id, s_row, s_column, f_level, s_type, s_prob, n_id) VALUES ('7_c5', 5, 'c', 7, 'w', 100, null);
INSERT INTO stage (s_id, s_row, s_column, f_level, s_type, s_prob, n_id) VALUES ('7_d1', 1, 'd', 7, 'w', 100, null);
INSERT INTO stage (s_id, s_row, s_column, f_level, s_type, s_prob, n_id) VALUES ('7_d2', 2, 'd', 7, 'v', 100, null);
INSERT INTO stage (s_id, s_row, s_column, f_level, s_type, s_prob, n_id) VALUES ('7_d3', 3, 'd', 7, 'w', 100, null);
INSERT INTO stage (s_id, s_row, s_column, f_level, s_type, s_prob, n_id) VALUES ('7_d4', 4, 'd', 7, 'npc_i', 0, 'n40');
INSERT INTO stage (s_id, s_row, s_column, f_level, s_type, s_prob, n_id) VALUES ('7_d5', 5, 'd', 7, 'w', 100, null);
INSERT INTO stage (s_id, s_row, s_column, f_level, s_type, s_prob, n_id) VALUES ('7_e1', 1, 'e', 7, 'event_heap', 0, null);
INSERT INTO stage (s_id, s_row, s_column, f_level, s_type, s_prob, n_id) VALUES ('7_e2', 2, 'e', 7, 'npc_i', 0, 'n55');
INSERT INTO stage (s_id, s_row, s_column, f_level, s_type, s_prob, n_id) VALUES ('7_e3', 3, 'e', 7, 'npc_i', 0, 'n34');
INSERT INTO stage (s_id, s_row, s_column, f_level, s_type, s_prob, n_id) VALUES ('7_e4', 4, 'e', 7, 'npc_i', 0, 'n43');
INSERT INTO stage (s_id, s_row, s_column, f_level, s_type, s_prob, n_id) VALUES ('7_e5', 5, 'e', 7, 'finish', 100, null);
INSERT INTO stage (s_id, s_row, s_column, f_level, s_type, s_prob, n_id) VALUES ('heap_a1', 0, '1', 0, 'v', 100, null);
INSERT INTO stage (s_id, s_row, s_column, f_level, s_type, s_prob, n_id) VALUES ('heap_a2', 0, '2', 0, 'start', 100, null);
INSERT INTO stage (s_id, s_row, s_column, f_level, s_type, s_prob, n_id) VALUES ('heap_a3', 0, '3', 0, 'v', 100, null);
INSERT INTO stage (s_id, s_row, s_column, f_level, s_type, s_prob, n_id) VALUES ('heap_b1', 0, '1', 0, 'finish', 100, null);
INSERT INTO stage (s_id, s_row, s_column, f_level, s_type, s_prob, n_id) VALUES ('heap_b2', 0, '2', 0, 'w', 100, null);
INSERT INTO stage (s_id, s_row, s_column, f_level, s_type, s_prob, n_id) VALUES ('heap_b3', 0, '3', 0, 'finish', 100, null);


INSERT INTO ending (e_id, e_name, e_desc, e_img) VALUES ('e1', 'л°”мқҙнҠёмҪ”л“ңк°Җ лҗң мҳҒк· ', 'мҳҒк· мқҙмқҳ HPк°Җ 0мқҙ лҗҳм—ҲлӢӨ.', '
в Җв Җв Җв Җв Җв Җв Җв Җв Җв Җв Җв Җв Җв Җв Җв Җв Җв Җв Җв Җв Җв Җв Җв Җв Җв Җв Җв Җв Җв Җв Җв Җв Җв Җв Җв Җв Җв Җв Җв Җв Җв Җв Җв Җв Җв Җв Җв Җв Җв Җв Җв Җв Җв Җв Җв Җв Җв Җв Җв Җв Җв Җв Җв Җв Җв Җв Җв Җв Җв Җ
в Җв Җв Җв Җв Җв Җв Җв Җв Җв ҖвўҖвЈ„вЈӨвЈӨвЎҖв Җв Җв Җв Җв Җв Җв Җв Җв Җв Җв Җв Җв Җв Җв Җв Җв Җв Җв Җв Җв Җв Җв Җв Җв Җв Җв Җв Җв Җв Җв Җв Җв Җв Җв Җв Җв Җв Җв Җв Җв Җв Җв Җв Җв Җв Җв Җв Җв Җв Җв Җв Җв Җв Җв Җ
в Җв Җв Җв Җв Җв Җв ҖвўҖвЈӨв ҝв үв үвЈҪвЈҝв ғв Җв Җв Җв Җв Җв Җв Җв Җв Җв Җв Җв Җв Җв Җв Җв Җв Җв Җв Җв Җв Җв Җв Җв Җв Җв Җв Җв Җв Җв Җв Җв Җв Җв Җв Җв Җв Җв Җв Җв Җв Җв Җв Җв Җв Җв Җв Җв Җв Җв Җв Җв Җв Җв Җв Җ
в Җв Җв Җв Җв Җвў вЈҫвЎҹвўҒвЎ вЈ¶вЈҫв ҹв ғв Җв Җв Җв Җв Җв Җв Җв Җв Җв Җв Җв Җв Җв Җв Җв Җв Җв Җв Җв Җв Җв Җв Җв Җв Җв Җв Җв Җв Җв Җв Җв Җв Җв Җв Җв Җв Җв Җв Җв Җв Җв Җв Җв Җв Җв Җв Җв Җв Җв Җв Җв Җв Җв Җв Җв Җ
в Җв Җв Җв Җв Җв ҝвЈҝвў·вўҝв ҫв ӣвЈҒв Өв Ұв ҙвўҖвЎҖв Җв Җв Җв Җв Җв Җв Җв Җв Җв Җв Җв Җв Җв Җв Җв Җв Җв Җв Җв Җв Җв Җв Җв Җв Җв Җв Җв Җв Җв Җв Җв Җв Җв Җв Җв Җв Җв Җв Җв Җв Җв Җв Җв Җв Җв Җв Җв Җв Җв Җв Җв Җв Җ
в Җв Җв Җв Җв Җв Җв Ҳв үвўҒвЎ„в үв Җв Җв Җв ҖвЈҖв Ҳв ‘в ӨвЎҖв Җв Җв Җв Җв Җв Җв Җв Җв Җв Җв Җв Җв Җв Җв Җв Җв Җв Җв Җв Җв Җв Җв Җв Җв Җв Җв Җв Җв Җв Җв Җв Җв Җв Җв Җв Җв Җв Җв Җв Җв Җв Җв Җв Җв Җв Җв Җв Җв Җв Җ
в Җв Җв Җв Җв Җв Җв Җв ҖвЎҢв Җв ҖвЈҖв Җв Җв Җв »в Үв Җв Җв ұвЎҖв Җв Җв Җв Җв Җв Җв Җв Җв Җв Җв Җв Җв Җв Җв Җв Җв Җв Җв Җв Җв Җв Җв Җв Җв Җв Җв Җв Җв Җв Җв Җв Җв Җв Җв Җв Җв Җв Җв Җв Җв Җв Җв Җв Җв Җв Җв Җв Җв Җ
в Җв Җв Җв Җв Җв Җв Җв Җв Ҷв Җв ҖвўҝвЎ·в Җвў вЈ„в Җв Җв Җв Җв ұвЎҖв Җв Җв Җв Җв Җв Җв Җв Җв Җв Җв Җв Җв Җв Җв Җв Җв Җв Җв Җв Җв Җв Җв Җв Җв Җв Җв Җв Җв Җв Җв Җв Җв Җв Җв Җв Җв Җв Җв Җв Җв Җв Җв Җв Җв Җв Җв Җв Җ
в Җв Җв Җв Җв Җв Җв Җв Җв ҳвЎ„в Җв Җв Җв Җв ҖвўҝвЎҶв Җв Җв Җв ҖвЎҮв Җв Җв Җв Җв Җв Җв Җв Җв Җв Җв Җв Җв Җв Җв Җв Җв Җв Җв Җв Җв Җв Җв Җв Җв Җв Җв Җв Җв Җв Җв Җв Җв Җв Җв Җв Җв Җв Җв Җв Җв Җв Җв Җв Җв Җв Җв Җв Җ
в Җв Җв Җв Җв Җв Җв Җв Җв Җв Ҳв ўвЎҖв Җв Җв Җв Җв Җв Җв Җв Җв ҖвЎҺв Җв Җв Җв Җв Җв Җв Җв Җв Җв Җв Җв Җв Җв Җв Җв Җв Җв Җв Җв Җв Җв Җв Җв Җв Җв Җв Җв Җв Җв Җв Җв Җв Җв Җв Җв Җв Җв Җв Җв Җв Җв Җв Җв Җв Җв Җв Җв Җ
в Җв Җв Җв Җв Җв Җв Җв Җв Җв Җв Җв Ҳв ‘в ўвЎҖв Җв Җв Җв Җв Җвў в ғв Җв Җв Җв Җв Җв Җв Җв Җв Җв Җв Җв Җв Җв Җв Җв Җв Җв Җв Җв Җв Җв Җв Җв Җв Җв Җв Җв Җв Җв Җв Җв Җв Җв Җв Җв Җв Җв Җв Җв Җв Җв Җв Җв Җв Җв Җв Җв Җ
в Җв Җв Җв Җв Җв Җв Җв Җв Җв Җв Җв Җв Җв Җв ҲвўҶв Җв Җв ҖвўҖв Һв Җв Җв Җв Җв Җв Җв Җв Җв Җв Җв Җв Җв Җв Җв Җв Җв Җв Җв Җв Җв Җв Җв Җв Җв Җв Җв Җв Җв Җв Җв Җв Җв Җв Җв Җв Җв Җв Җв Җв Җв Җв Җв Җв Җв Җв Җв Җв Җв Җ
в Җв Җв Җв Җв Җв Җв Җв Җв Җв Җв Җв Җв Җв Җв Җвўёв ҖвЎ в ’в Ғв Җв Җв Җв Җв Җв Җв Җв Җв Җв Җв Җв Җв Җв Җв Җв Җв Җв Җв Җв Җв Җв Җв Җв Җв Җв Җв Җв Җв Җв Җв Җв Җв Җв Җв Җв Җв Җв Җв Җв Җв Җв Җв Җв Җв Җв Җв Җв Җв Җв Җ
в Җв Җв Җв Җв Җв Җв Җв Җв Җв Җв Җв Җв Җв Җв Җвў…в ҖвўЈв Җв Җв Җв Җв Җв Җв Җв Җв Җв Җв Җв Җв Җв Җв Җв Җв Җв Җв Җв Җв Җв Җв Җв Җв Җв Җв Җв Җв Җв Җв Җв Җв Җв Җв Җв Җв Җв Җв Җв Җв Җв Җв Җв Җв Җв Җв Җв Җв Җв Җв Җв Җ
в Җв Җв Җв Җв Җв Җв Җв Җв Җв Җв Җв Җв Җв Җв Җв ҲвўҶвЎҖв үв ІвЎҖв Җв Җв Җв Җв Җв Җв ҖвЎҖв ҖвЎҖв Җв Җв Җв Җв Җв Җв Җв Җв Җв Җв Җв Җв Җв Җв Җв Җв Җв Җв Җв Җв Җв Җв Җв Җв Җв Җв Җв Җв Җв Җв Җв Җв Җв Җв Җв Җв Җв Җв Җ
в Җв Җв Җв Җв Җв Җв Җв Җв Җв Җв Җв Җв Җв Җв Җв Җв Җв Ҳв ўвЎёв Җв Җв ҖвўҖвЎңв Ҡв үв үв үвўүв үв үв ‘в ҡв ’в ¶в ӨвЈ„вЈ вЈҖвЈҖвЎҖв Җв Җв Җв Җв Җв Җв Җв Җв Җв Җв Җв Җв Җв Җв Җв Җв Җв Җв Җв Җв Җв Җв Җв Җв Җв Җв Җв Җ
в Җв Җв Җв Җв Җв Җв Җв Җв Җв Җв Җв Җв Җв Җв Җв Җв ҖвўҖвЈҖв §в ҙв ҡв Ҡв Ғвў°в Ӯв Җв ҖвЎ¶в үв Җв Җв Җв Җв Җв Җв Җв Җв Җв Ҳв Ҳв үв івЈ„в Җв Җв Җв Җв Җв Җв Җв Җв Җв Җв Җв Җв Җв Җв Җв Җв Җв Җв Җв Җв Җв Җв Җв Җв Җв Җ
в Җв Җв Җв Җв Җв Җв Җв Җв Җв Җв Җв Җв Җв Җв Җв Җвў в Һв Ғв Җв Җв Җв Җв ҖвЈҪв Җв Җвў°в ғв Җв Җв Җв Җв Җв Җв ҖвўҖвЎ в ӣв Җв Җв Җв Җвў№вЈ„в Җв Җв Җв Җв Җв Җв Җв Җв Җв Җв Җв Җв Җв Җв Җв Җв Җв Җв Җв Җв Җв Җв Җв Җв Җ
в Җв Җв Җв Җв Җв Җв Җв Җв Җв Җв Җв Җв Җв Җв Җв ҖвўёвЎ„в Җв Җв ҖвЎҖв Җвў”вЎҮв Җв ҖвЎҹвўҰвўҰвЎҙв Өв Ұв ҙв Өвў„вЎңв Ғв Җв Җв Җв ҖвЈ в һв ҲвЈҮв Җв Җв Җв Җв Җв Җв Җв Җв Җв Җв Җв Җв Җв Җв Җв Җв Җв Җв Җв Җв Җв Җв Җв Җ
в Җв Җв Җв Җв Җв Җв Җв Җв Җв Җв Җв Җв Җв Җв Җв Җв Җв ұвЈӨвЈўвЈҗвЎҪв Ӣвў№в Җв Җвўёв Ғв ҖвЎ‘вЎҮв Җв Җв Җв ҖвЎҺв Җв Җв Җв Җв ҖвЈ°в ғв Җв Җв ёвЈ„в Җв Җв Җв Җв Җв Җв Җв Җв Җв Җв Җв Җв Җв Җв Җв Җв Җв Җв Җв Җв Җв Җв Җ
в Җв Җв Җв Җв Җв Җв Җв Җв Җв Җв Җв Җв Җв Җв Җв Җв Җв Җв ҖвЈ вЈ в Өв –в ҡв ҖвўҖвЎҸв Җв ҖвЎјв ғв Җв Җв ҖвЎјв Ғв Җв Җв Җв ҖвЈ°вЎҝвЎҖвўҒв Җв Җв ҳвўҰвЎҖв Җв Җв Җв Җв Җв Җв Җв Җв Җв Җв Җв Җв Җв Җв Җв Җв Җв Җв Җв Җв Җ
в Җв Җв Җв Җв Җв Җв Җв Җв Җв Җв ҖвЈ вў¶в Ів ¶в Өв ҙв “в Ӣв Ғв ҖвўҖвўҖвЈ вЈ вЎһв ҖвўҖвЎһв Ғв Җв Җв Җвўёв Ғв Җв Җв ҖвўҖвЎјв Ғв ҷвў·вЈҖв „в Җв Җв ҖвўівЎ„вўҖвўҖв ҖвЎҖв Җв Җв Җв Җв Җв Җв Җв Җв Җв Җв Җв Җв Җв Җв Җв Җ
в Җв Җв Җв Җв Җв Җв Җв Җв Җв ҖвўҫвЈҝв ҝв •в ’в Ұв Ұв ’в ҡв ҡв үвўүвЎқвЈҠвЎҒв ҖвЎҙв Ӣв Җв Җв Җв Җв ҖвЎҸв Җв Җв Җв Ұв ҫвў„вЈҖв Җв Җв ҷв ІвЈ„в Җв Җв Җв ‘в үв үв үв үв ҷв ҡв ’в Ұв ҙвЈҖвЈ„вЈ вЈҖвЈ„вЈ вЈҖвЎҖв Җв Җв Җ
в Җв Җв Җв Җв Җв Җв Җв Җв Җв Җв Җв Җв Җв Җв Җв Җв Җв Җв Җв Җв Җв үвўқвЈ®вЈ¶вў в Үв Җв Җв Җв Җв Җв Җвў—вЎҖв Җв Җв Җв Җв Җв Ҳв үв “в Ұвў„вЈҲв івўҰвЈҖвЎҖвўҖв ҖвЎҖв ҖвЎҖвўҖвЈҖвЈҖвЈҖвЈҖвЈҖвЈҖвЎҖв Җв Җв Җв »вЈ„в Җв Җ
в Җв Җв Җв Җв Җв Җв Җв Җв Җв Җв Җв Җв Җв Җв Җв Җв Җв Җв Җв Җв Җв Җв Җв үв үв Ғв Җв Җв Җв Җв Җв Җв Җв Җв үв ӣв “в Ів ¶вўӨвЈӨвЈҖвЎҖв Җв Җв Ҳв ‘в ҰвўӨвЈүвЈүвЈүв үв үв үв үв Ғв Җв Ғв Җв Җв Ҳв Ҳв ҷв ІвЎ„в ӮвЎјв Җв Җ
в Җв Җв Җв Җв Җв Җв Җв Җв Җв Җв Җв Җв Җв Җв Җв Җв Җв Җв Җв Җв Җв Җв Җв Җв Җв Җв Җв Җв Җв Җв Җв Җв Җв Җв Җв Җв Җв Җв Җв Җв Җв Ҳв үв ҷв “в Ів ҰвўӨвЈ„в Ҷв үвўүвЎ·в Җв Җв Җв Җв Җв Җв Җв Җв Җв Җв Җв Җв ҳв Әв ғв Җв Җ
в Җв Җв Җв Җв Җв Җв Җв Җв Җв Җв Җв Җв Җв Җв Җв Җв Җв Җв Җв Җв Җв Җв Җв Җв Җв Җв Җв Җв Җв Җв Җв Җв Җв Җв Җв Җв Җв Җв Җв Җв Җв Җв Җв Җв Җв Җв ҖвўЁв Ҹв ҖвЎјв Ӣв Җв Җв Җв Җв Җв Җв Җв Җв Җв Җв Җв Җв Җв Җв Җв Җв Җв Җ
в Җв Җв Җв Җв Җв Җв Җв Җв Җв Җв Җв Җв Җв Җв Җв Җв Җв Җв Җв Җв Җв Җв Җв Җв Җв Җв Җв Җв Җв Җв Җв Җв Җв Җв Җв Җв Җв Җв Җв Җв Җв Җв Җв Җв Җв Җв Җв ёв Өв һв Ғв Җв Җв Җв Җв Җв Җв Җв Җв Җв Җв Җв Җв Җв Җв Җв Җв Җв Җв Җ
в Җв Җв Җв Җв Җв Җв Җв Җв Җв Җв Җв Җв Җв Җв Җв Җв Җв Җв Җв Җв Җв Җв Җв Җв Җв Җв Җв Җв Җв Җв Җв Җв Җв Җв Җв Җв Җв Җв Җв Җв Җв Җв Җв Җв Җв Җв Җв Җв Җв Җв Җв Җв Җв Җв Җв Җв Җв Җв Җв Җв Җв Җв Җв Җв Җв Җв Җв Җв Җв Җ
в Җв Җв Җв Җв Җв Җв Җв Җв Җв Җв Җв Җв Җв Җв Җв Җв Җв Җв Җв Җв Җв Җв Җв Җв Җв Җв Җв Җв Җв Җв Җв Җв Җв Җв Җв Җв Җв Җв Җв Җв Җв Җв Җв Җв Җв Җв Җв Җв Җв Җв Җв Җв Җв Җв Җв Җв Җв Җв Җв Җв Җв Җв Җв Җв Җв Җв Җв Җв Җв Җ
в Җв Җв Җв Җв Җв Җв Җв Җв Җв Җв Җв Җв Җв Җв Җв Җв Җв Җв Җв Җв Җв Җв Җв Җв Җв Җв Җв Җв Җв Җв Җв Җв Җв Җв Җв Җв Җв Җв Җв Җв Җв Җв Җв Җв Җв Җв Җв Җв Җв Җв Җв Җв Җв Җв Җв Җв Җв Җв Җв Җв Җв Җв Җв Җв Җв Җв Җв Җв Җв Җ
в Җв Җв Җв Җв Җв Җв Җв Җв Җв Җв Җв Җв Җв Җв Җв Җв Җв Җв Җв Җв Җв Җв Җв Җв Җв Җв Җв Җв Җв Җв Җв Җв Җв Җв Җв Җв Җв Җв Җв Җв Җв Җв Җв Җв Җв Җв Җв Җв Җв Җв Җв Җв Җв Җв Җв Җв Җв Җв Җв Җв Җв Җв Җв Җв Җв Җв Җв Җв Җв Җ
в Җв Җв Җв Җв Җв Җв Җв Җв Җв Җв Җв Җв Җв Җв Җв Җв Җв Җв Җв Җв Җв Җв Җв Җв Җв Җв Җв Җв Җв Җв Җв Җв Җв Җв Җв Җв Җв Җв Җв Җв Җв Җв Җв Җв Җв Җв Җв Җв Җв Җв Җв Җв Җв Җв Җв Җв Җв Җв Җв Җв Җв Җв Җв Җв Җв Җв Җв Җв Җв Җ
в Җв Җв Җв Җв Җв Җв Җв Җв Җв Җв Җв Җв Җв Җв Җв Җв Җв Җв Җв Җв Җв Җв Җв Җв Җв Җв Җв Җв Җв Җв Җв Җв Җв Җв Җв Җв Җв Җв Җв Җв Җв Җв Җв Җв Җв Җв Җв Җв Җв Җв Җв Җв Җв Җв Җв Җв Җв Җв Җв Җв Җв Җв Җв Җв Җв Җв Җв Җв Җв Җ
в Җв Җв Җв Җв Җв Җв Җв Җв Җв Җв Җв Җв Җв Җв Җв Җв Җв Җв Җв Җв Җв Җв Җв Җв Җв Җв Җв Җв Җв Җв Җв Җв Җв Җв Җв Җв Җв Җв Җв Җв Җв Җв Җв Җв Җв Җв Җв Җв Җв Җв Җв Җв Җв Җв Җв Җв Җв Җв Җв Җв Җв Җв Җв Җв Җв Җв Җв Җв Җв Җ
');
INSERT INTO ending (e_id, e_name, e_desc, e_img) VALUES ('e2', 'лҜём•Ҳн•ҙ мҳҒк· м•„', 'мҳҒк· мқҙк°Җ нҳңм§„мқҙн•ңн…Ң міҗл§һм•„ HPк°Җ 0мқҙ лҗҳм—ҲлӢӨ.', '

в Җв Җв Җв Җв Җв Җв Җв Җв Җв Җв Җв Җв Җв Җв Җв Җв Җв Җв Җв Җв Җв Җв Җв Җв Җв Җв Җв Җв Җв Җв Җв Җв Җв Җв Җв Җв Җв Җв Җв Җв Җв Җв Җв Җв Җв Җв Җв Җв Җв Җв Җв Җв Җв Җв Җв Җв Җв Җв Җв Җв Җв Җв Җв Җв Җв Җв Җв Җв Җв Җ
в Җв Җв Җв Җв Җв Җв Җв Җв Җв Җв Җв Җв Җв Җв Җв Җв Җв Җв Җв Җв Җв Җв Җв Җв Җв Җв Җв Җв Җв Җв ҖвўҖв ҖвЈҖвЈ„вЈ в Өв Өв Ұв ҙв ҡв ’в “в “в “в “в “в “в “в ’вўҰвЎҖв Җв Җв Җв Җв Җв Җв Җв Җв Җв Җв Җв Җв Җв Җв Җв Җв Җв Җ
в Җв Җв Җв Җв Җв Җв Җв Җв Җв Җв Җв Җв Җв Җв Җв Җв Җв Җв Җв Җв Җв Җв Җв Җв ҖвЈ вЈ вЎӨв ҙв “в ҡв үв үв Ғв Җв Җв Җв Җв Җв Җв Җв Җв Җв Җв Җв Җв Җв Җв Җв ҖвЈ°в ӣвўҶв Җв Җв Җв Җв Җв Җв Җв Җв Җв Җв Җв Җв Җв Җв Җв Җв Җ
в Җв Җв Җв Җв Җв Җв Җв Җв Җв Җв Җв Җв Җв Җв Җв Җв Җв Җв Җв Җв ҖвўҖвЈ„в јв Ҡв Ғв Җв Җв Җв Җв Җв Җв Җв Җв Җв Җв Җв Җв Җв Җв Җв Җв Җв Җв Җв Җв Җв Җв ҖвЎҙв ғв Җв ҳвЈҮв Җв Җв Җв Җв Җв Җв Җв Җв Җв Җв Җв Җв Җв Җв Җв Җ
в Җв Җв Җв Җв Җв Җв Җв Җв Җв Җв Җв Җв Җв Җв Җв Җв Җв ҖвўҖвЎҙв –в Ӣв Җв Җв Җв Җв Җв Җв Җв Җв Җв Җв Җв Җв Җв Җв Җв Җв Җв Җв Җв Җв Җв Җв Җв Җв ҖвўҖвЎјв ҒвЈ вЈҖвЎҖв ҳвЈҶв Җв Җв Җв Җв Җв Җв Җв Җв Җв Җв Җв Җв Җв Җв Җ
в Җв Җв Җв Җв Җв Җв Җв Җв Җв Җв Җв Җв Җв Җв ҖвЈҖвЎҙв ҡв үв Җв Җв Җв Җв Җв Җв Җв ҖвЈҙвЈҝвЈ·вЈҰв Җв Җв Җв Җв Җв Җв Җв Җв Җв Җв Җв Җв Җв Җв ҖвўҖвЎһв ҖвўҫвЈҝвЈҝвЈҝвЎҶв ҳвЈҶв Җв Җв Җв Җв Җв Җв Җв Җв Җв Җв Җв Җв Җв Җ
в Җв Җв Җв Җв Җв Җв Җв Җв Җв Җв Җв ҖвЈ в ҙв Ӣв Ғв Җв Җв Җв Җв Җв Җв Җв Җв Җв Җв ҖвўҝвЈҝвЈҝвЎҝв Ғв Җв Җв Җв Җв Җв Җв Җв Җв Җв Җв ҖвўҖвЈҖвЎҙв Ӣв Җв Җв ҳв ҝвЎҝв ҝв Ғв Җв ҳвЈҶв Җв Җв Җв Җв Җв Җв Җв Җв Җв Җв Җв Җв Җ
в Җв Җв Җв Җв Җв Җв Җв Җв ҖвўҖвЎҙв Ӣв Ғв Җв Җв Җв Җв Җв Җв Җв Җв Җв Җв Җв Җв Җв Җв Җв Ҳв Ғв Җв Җв Җв Җв Җв Җв ҖвЎҖвЈ вЈ в ¶в ¶в ӣв Ӣв үвў·вЎҖв Җв Җв Җв Җв Җв Җв Җв Җв Җвў№вЎ„в Җв Җв Җв Җв Җв Җв Җв Җв Җв Җв Җв Җ
в Җв Җв Җв Җв Җв Җв ҖвўҖвЎҙв Ӣв Җв Җв Җв Җв Җв Җв Җв Җв Җв Җв Җв Җв Җв Җв Җв Җв Җв Җв ҖвўҖвЈҖвЈ„вЈ вЈҰв јв ҫв ҡв ӣв үв Ғв Җв Җв Җв Җв Җв ҲвўівЎ„в Җв Җв Җв Җв Җв Җв Җв Җв ҖвўівЎҖв Җв Җв Җв Җв Җв Җв Җв Җв Җв Җв Җ
в Җв Җв Җв Җв Җв ҖвЈ в һв Җв Җв Җв Җв Җв Җв Җв Җв Җв Җв Җв Җв Җв ҖвЈҖвЈҖвЈ вЎӨв ¶в ҡв ӣв үв үв Ғв Җв Җв Җв Җв Җв ҖвўҖвЈҖв Җв Җв Җв Җв Җв Җв Җвў·в Җв Җв Җв Җв Җв ҖвЎҖв Җв Җв Җвўів Җв Җв Җв Җв Җв Җв Җв Җв Җв Җв Җ
в Җв Җв Җв Җв Җвў вЈ§вЈӨвЈ„вЈ„вЈӨвЈӨвЈӨвЈҙвЈӨв ¶в ҙв ҫв ’в ҡв ҡв үв үв үв Җв Җв Җв Җв Җв Җв Җв Җв Җв Җв Җв Җв Җвў°вЈҝвЈҝвЈҝвЈҶв ҖвЈ°вЎҶвЈҖв Җв ёвЈ§в Җв Җв Җвў°вЈҝвЈҝвЈ·вЎ„в Җв Ҳвў§в Җв Җв Җв Җв Җв Җв Җв Җв Җв Җ
в Җв Җв Җв Җв Җв ёвЎҶв Җв Җв Җв Җв Җв Җв Җв Җв Җв Җв Җв Җв Җв Җв Җв Җв Җв Җв Җв Җв Җв Җв Җв Җв Җв Җв Җв Җв Җв Җв ҳв ҝвЈҝвЈҝвЎғв ҖвЎҮв №вў№вў¶в Җв №вЈҶв Җв Җв ёвЈҝвЈҝвЎҝв Үв Җв Җв Ҳвў§в Җв Җв Җв Җв Җв Җв Җв Җв Җ
в Җв Җв Җв Җв Җв ҖвЈҮв Җв Җв Җв Җв Җв Җв Җв Җв Җв Җв Җв Җв Җв Җв Җв Җв Җв Җв Җв Җв Җв Җв Җв Җв Җв Җв Җв Җв Җв Җв Җв Җв ҖвўёвЎ№вЈҗв Үв Җв Җв ҳвЈ»в Җвў»вЎ„в Җв Җв Җв Җв Җв Җв Җв Җв Җв ҳвЎҶв Җв Җв Җв Җв Җв Җв Җв Җ
в Җв Җв Җв Җв Җв Җвў»в Җв Җв Җв Җв Җв ҖвЈ вЈҰвЈҰвЎ„в Җв Җв Җв Җв Җв Җв Җв Җв Җв Җв Җв Җв Җв Җв Җв Җв Җв Җв Җв Җв Җв Җв Җв Җвў§вЎҷв Ұв Җв Җв ҖвЎҸв Җв ҲвЈ·в Җв Җв Җв Җв Җв Җв Җв Җв Җв Җвў№вЎ„в Җв Җв Җв Җв Җв Җв Җ
в Җв Җв Җв Җв Җв Җв ёвЎҶв Җв Җв Җв Җв җвЈҝвЈҝвЈҝвЈҝв Җв Җв Җв Җв Җв Җв Җв Җв Җв Җв Җв Җв Җв Җв Җв Җв Җв Җв Җв Җв Җв Җв Җв Җв ҖвЈ№в Җв Җв ҖвЎјв Ғв Җв Җв ёвЎҮв Җв Җв Җв Җв Җв Җв Җв Җв Җвўёв ғв Җв Җв Җв Җв Җв Җв Җ
в Җв Җв Җв Җв Җв Җв Җвў·в Җв Җв Җв Җв Җв үв ӣв ӣв Ғв Җв Җв Җв Җв Җв Җв Җв Җв Җв Җв Җв Җв Җв Җв Җв Җв Җв Җв Җв Җв Җв Җв Җв Җв ҖвЈәв Җв ҖвЎјв Ғв Җв Җв Җв ҖвўҝвЎҖв ҖвўҖвЈҙвЈӨвЈҶв Җв Җв ҖвЎҫв Җв Җв Җв Җв Җв Җв Җв Җ
в Җв Җв Җв Җв Җв Җв Җв ёвЎҶв Җв Җв Җв Җв Җв Җв Җв Җв Җв Җв Җв Җв Җв Җв Җв Җв Җв Җв Җв ҖвЎҖвЈҖв Җв Җв Җв Җв Җв Җв Җв Җв Җв Җв Җвўҫв Җв  вЎҮв Җв Җв Җв Җв Җв ҳвЈ§в ҖвўҫвЈҝвЈҝвЈҝвЎҮв Җв ҖвЎҮв Җв Җв Җв Җв Җв Җв Җв Җ
в Җв Җв Җв Җв Җв Җв Җв Җвўів Җв Җв Җв Җв Җв Җв Җв Җв Җв Җв Җв Җв Җв Җв Җв Җв Җв Җв Җвў°вЈҝвЈҝвЈҝвЈҶв Җв Җв Җв Җв Җв Җв Җв Җв ҖвЎҸв ҖвўҗвЎҮв Җв Җв Җв Җв Җв Җвў»вЎ„в Ҳв ӣв ҹв Ӣв Ғв Җвўёв Ғв Җв Җв Җв Җв Җв Җв Җв Җ
в Җв Җв Җв Җв Җв Җв Җв Җв ҳвЎҶв Җв Җв Җв Җв Җв Җв Җв Җв Җв Җв Җв Җв Җв Җв Җв Җв Җв Җв ҳвўҝвЈҝвЎҝв Үв Җв Җв Җв Җв Җв Җв Җв ҖвўҖвЎҮв ҖвЈёв Җв Җв Җв Җв Җв Җв Җв ҳвЈ§в Җв Җв Җв Җв Җв ҖвЎҸв Җв Җв Җв Җв Җв Җв Җв Җв Җ
в Җв Җв Җв Җв Җв Җв Җв Җв Җвўів Җв Җв Җв Җв Җв Җв Җв Җв Җв Җв Җв Җв Җв Җв Җв Җв Җв Җв Җв Җв Җв Җв Җв Җв Җв Җв Җв Җв Җв Җв Җвў°в Үв Җвўјв Җв Җв Җв Җв Җв Җв Җв ҖвўҝвЎӮв Җв Җв Җв ҖвЈёв Ғв Җв Җв Җв Җв Җв Җв Җв Җв Җ
в Җв Җв Җв Җв Җв Җв Җв Җв Җв ҳвЎҶв Җв Җв Җв Җв Җв Җв Җв Җв Җв Җв Җв Җв Җв Җв Җв Җв Җв Җв Җв Җв ҖвўҖвЈҖвЈӨвўӨвЈҖвЎҖв Җв Җв Җвўёв Ғв ҖвЎҪв Җв Җв Җв Җв Җв Җв Җв ҖвўёвЈ§в Җв Җв Җвў в Үв Җв Җв Җв Җв Җв Җв Җв Җв Җв Җ
в Җв Җв Җв Җв Җв Җв Җв Җв Җв Җвў·в Җв Җв Җв Җв Җв Җв Җв Җв Җв Җв Җв Җв Җв Җв Җв Җв Җв Җв Җв ҖвЈ в һв Ғв Җв Җв Җв үвўівЎҖв ҖвЎҫв Җв ҖвЈ«в ҖвЈјвЈҝвЈ·вЈҶв Җв Җв Җв ҖвЈҝвЎҶв Җв ҖвЎһв Җв Җв Җв Җв Җв Җв Җв Җв Җв Җв Җ
в Җв Җв Җв Җв Җв Җв Җв Җв Җв Җв ёвЎӮв Җв Җв Җв Җв Җв Җв Җв Җв Җв Җв Җв Җв Җв Җв Җв Җв Җв ҖвЈ°в ғв Җв Җв Җв Җв Җв Җв Җв №вЎ„вЎҸв Җв Җвўјв ҲвЈҝвЈҝвЈҝвЎҝв Җв Җв Җв Җвў№вЈ·в ҖвЎјв Ғв Җв Җв Җв Җв Җв Җв Җв Җв Җв Җв Җ
в Җв Җв Җв Җв Җв Җв Җв Җв Җв Җв ҖвЈ—в Җв Җв Җв Җв Җв ҖвЈ°вЈӨвЈҰвЈҖв Җв Җв Җв Җв Җв Җв Җв  вЎҮвўҖвЎҖвЎҙв Җв Җвў вЎҖвЎ–в Җвў·в Үв Җв Җвўәв Җв Җв үв Ғв Җв Җв Җв Җв ҖвўёвЈҝвЎҫв Ғв Җв Җв Җв Җв Җв Җв Җв Җв Җв Җв Җв Җ
в Җв Җв Җв Җв Җв Җв Җв Җв Җв Җв Җв ёвЎ„в Җв Җв Җв Җв җвЈҝвЈҝвЈҝвЈҝв Җв Җв Җв Җв Җв Җв Җв ЁвЎҮв ҖвЈ№вў§вЎҖв Җв ҖвЎјв ів „вЈ№в Җв Җв ҖвЈ№в Җв Җв Җв ҖвЈҖвЈ вЈӨвЈ¶вЈҫв ҝв Ӣв Ғв Җв Җв Җв Җв Җв Җв Җв Җв Җв Җв Җв Җв Җ
в Җв Җв Җв Җв Җв Җв Җв Җв Җв Җв Җв Җвў·в Җв Җв Җв Җв Җв ҷв ӣв ӣв Ғв Җв Җв Җв Җв Җв Җв ҖвЈӨвЈҮв Җв ғв ҖвўҖвЈҖв Җв Җв Җв ҖвЎҸв Җв Җв ҖвЈјвЈ вЈҰвЈҫвЈҫвЈҝвЎҝв ӣв үв Җв Җв Җв Җв Җв Җв Җв Җв Җв Җв Җв Җв Җв Җв Җв Җв Җ
в Җв Җв Җв Җв Җв Җв Җв Җв Җв Җв Җв Җв ҳвЎҮв Җв Җв Җв Җв Җв Җв Җв Җв Җв Җв ҖвўҖвЈҖвЎҙв ҹв Җв ёвЈ„в Җв ҖвЎјв ҒвўівЎҖв ҖвЎјв ҒвЈҖвЈҙвЈ¶вЈҝвЈҝвЈҝв ҝв Ӣв Ғв Җв Җв Җв Җв Җв Җв Җв Җв Җв Җв Җв Җв Җв Җв Җв Җв Җв Җв Җв Җ
в Җв Җв Җв Җв Җв Җв Җв Җв Җв Җв Җв Җв Җв №вЎ„в Җв Җв Җв Җв Җв Җв Җв ҖвЈӨв һв үв Җв Җв Җв Җв ҖвўҳвЈҰвЈҖвЎүв ҖвЈҖвЈЎвЈҫвЈ·вЈҝвЈҝвЎҝв ҝв Ӣв үв Җв Җв Җв Җв Җв Җв Җв Җв Җв Җв Җв Җв Җв Җв Җв Җв Җв Җв Җв Җв Җв Җв Җв Җ
в Җв Җв Җв Җв Җв Җв Җв Җв Җв Җв Җв Җв Җв Җв №вЈ¶вЈӨвЈҖвЈ„вЈҖвЈҖвЈҖвЎһв Ғв Җв Җв Җв ҖвўҖвЈҙв ҙв ҝв ҝв ҝв ҝв ҹв ӣв ӣв Ӣв үв үв Җв Җв Җв Җв Җв Җв Җв Җв Җв Җв Җв Җв Җв Җв Җв Җв Җв Җв Җв Җв Җв Җв Җв Җв Җв Җв Җв Җв Җ
в Җв Җв Җв Җв Җв Җв Җв Җв Җв Җв Җв Җв Җв Җв Җв Ҳв ӣв »в ҝв ҝв ӣвЈ»в Ғв Җв Җв Җв Җв “в ҡв ’в Ів ӨвўҶвЈҖв Җв Җв Җв Җв Җв Җв Җв Җв Җв Җв Җв Җв Җв Җв Җв Җв Җв Җв Җв Җв Җв Җв Җв Җв Җв Җв Җв Җв Җв Җв Җв Җв Җв Җв Җв Җ
в Җв Җв Җв Җв Җв Җв Җв Җв Җв Җв Җв Җв Җв Җв Җв Җв Җв Җв Җв Җв Җв ёвЈ„вЎҖвўҖв Җв Җв Җв Җв Җв Җв Җв Җв Ҳв “вўҰвЈҖв Җв Җв Җв Җв Җв Җв Җв Җв Җв Җв Җв Җв Җв Җв Җв Җв Җв Җв Җв Җв Җв Җв Җв Җв Җв Җв Җв Җв Җв Җв Җв Җв Җ
в Җв Җв Җв Җв Җв Җв Җв Җв Җв Җв Җв Җв Җв Җв Җв Җв Җв Җв Җв Җв Җв Җв Җв үв үв ӣв ’в ’в ’в ів Өв ҙвЈ„вЈ вЈҖв Җв Ҳв ҷвўҰвЈҖв Җв Җв Җв Җв Җв Җв Җв Җв Җв Җв Җв Җв Җв Җв Җв Җв Җв Җв Җв Җв Җв Җв Җв Җв Җв Җв Җв Җв Җв Җ
в Җв Җв Җв Җв Җв Җв Җв Җв Җв Җв Җв Җв Җв Җв Җв Җв Җв Җв Җв Җв Җв Җв Җв Җв Җв Җв Җв Җв Җв Җв Җв Җв Җв Җв Ҳв ҷвЈҶв Җв Җв ҳвЈҶв Җв Җв Җв Җв Җв Җв Җв Җв Җв Җв Җв Җв Җв Җв Җв Җв Җв Җв Җв Җв Җв Җв Җв Җв Җв Җв Җв Җв Җ
в Җв Җв Җв Җв Җв Җв Җв Җв Җв Җв Җв Җв Җв Җв Җв Җв Җв Җв Җв Җв Җв Җв Җв Җв Җв Җв Җв Җв Җв Җв Җв Җв Җв Җв Җв Җв ҳв ҰвўӨв ҖвЎјв Җв Җв Җв Җв Җв Җв Җв Җв Җв Җв Җв Җв Җв Җв Җв Җв Җв Җв Җв Җв Җв Җв Җв Җв Җв Җв Җв Җв Җ
в Җв Җв Җв Җв Җв Җв Җв Җв Җв Җв Җв Җв Җв Җв Җв Җв Җв Җв Җв Җв Җв Җв Җв Җв Җв Җв Җв Җв Җв Җв Җв Җв Җв Җв Җв Җв Җв Җв әв ңв Ғв Җв Җв Җв Җв Җв Җв Җв Җв Җв Җв Җв Җв Җв Җв Җв Җв Җв Җв Җв Җв Җв Җв Җв Җв Җв Җв Җв Җв Җ

');
INSERT INTO ending (e_id, e_name, e_desc, e_img) VALUES ('e3', 'лӢ№кё°мӢңмҳӨ', 'нҳңм§„кіј м„ нҳҒ к·ёлҰ¬кі  мҳҒк· мқҖ м№ҙкіөмқ„ н•ҳкё° мң„н•ҙ пҪҖм“°лӢӨлІ…мҠӨпҪҖ лЎң н–Ҙн–ҲлӢӨ. л„Ҳл¬ҙ мЎёлҰ° нғ“мқҙм—ҲлҠ”м§Җ, мҳҒк· мқҙлҠ” к·ёл§Ң пҪҖлӢ№кё°мӢңмҳӨпҪҖлҘј л°Җм–ҙлІ„лҰ¬лҠ” л°”лһҢм—җ л¬ём—җ к°•н•ҳкІҢ л¶Җл”«нһҲл©° м“°лҹ¬мЎҢлӢӨ. ', '
в Җв Җв Җв Җв Җв Җв Җв Җв Җв Җв Җв Җв Җв Җв Җв Җв Җв Җв Җв Җв Җв Җв Җв Җв Җв Җв Җв Җв Җв Җв Җвў»в ӣв ҹв ҹвЈҝвЎҶв Җв Җв Җв Җв Җв Җв Җв Җв Җв Җв Җв Җв Җв Җв Җв Җв Җв Җв Җв Җв Җв Җв Җв Җв Җв Җв Җв Җв Җв Җв Җв Җв Җ
в Җв Җв Җв Җв Җв Җв Җв Җв Җв Җв Җв Җв Җв Җв Җв Җв Җв Җв Җв Җв Җв Җв Җв Җв Җв Җв Җв Җв Җв Җв ҖвЈ»в …в Җв ҖвЈҝвЎҮв Җв Җв Җв Җв Җв Җв Җв Җв Җв Җв Җв Җв Җв Җв Җв Җв Җв Җв Җв Җв Җв Җв Җв Җв Җв Җв Җв Җв Җв Җв Җв Җв Җ
в Җв Җв Җв Җв Җв Җв Җв Җв Җв Җв Җв Җв Җв Җв Җв Җв Җв Җв Җв Җв Җв Җв Җв Җв Җв Җв Җв Җв Җв Җв ҖвЈ№вЎҶв Җв ҖвўҝвЎҮв Җв Җв Җв Җв Җв Җв Җв Җв Җв Җв Җв Җв Җв Җв Җв Җв Җв Җв Җв Җв Җв Җв Җв Җв Җв Җв Җв Җв Җв Җв Җв Җв Җ
в Җв Җв Җв Җв Җв Җв Җв Җв Җв Җв Җв Җв Җв Җв Җв Җв Җв Җв Җв Җв Җв Җв Җв Җв Җв Җв Җв Җв Җв Җв ҖвўёвЎҮв Җв Җвў№вЈ§в Җв Җв Җв Җв Җв Җв Җв Җв Җв Җв Җв Җв Җв Җв Җв Җв Җв Җв Җв Җв Җв Җв Җв Җв Җв Җв Җв Җв Җв Җв Җв Җв Җ
в Җв Җв Җв Җв Җв Җв Җв Җв Җв Җв Җв Җв Җв Җв Җв Җв Җв Җв Җв Җв Җв Җв Җв Җв Җв Җв Җв Җв Җв Җв ҖвўёвЈҮв Җв ҖвўёвЈ·в Җв Җв Җв Җв Җв Җв Җв Җв Җв Җв Җв Җв Җв Җв Җв Җв Җв Җв Җв Җв Җв Җв Җв Җв Җв Җв Җв Җв Җв Җв Җв Җв Җ
в Җв Җв Җв Җв Җв Җв Җв Җв Җв Җв Җв Җв Җв Җв Җв Җв Җв Җв Җв Җв Җв Җв Җв Җв Җв Җв Җв Җв Җв Җв ҖвўёвЈҜв Җв ҖвўёвЈҝв Җв Җв Җв Җв Җв Җв Җв Җв Җв Җв Җв Җв Җв Җв Җв Җв Җв Җв Җв Җв Җв Җв Җв Җв Җв Җв Җв Җв Җв Җв Җв Җв Җ
в Җв Җв Җв Җв Җв Җв Җв Җв Җв Җв Җв Җв Җв Җв Җв Җв Җв Җв Җв Җв Җв Җв Җв Җв Җв Җв Җв Җв Җв Җв ҖвўёвЈҝв Җв Җв ёвЈҝв Җв Җв Җв Җв Җв Җв Җв Җв Җв Җв Җв Җв Җв Җв Җв Җв Җв Җв Җв Җв Җв Җв Җв Җв Җв Җв Җв Җв Җв Җв Җв Җв Җ
в Җв Җв Җв Җв Җв Җв Җв Җв Җв Җв Җв Җв Җв Җв Җв Җв Җв Җв Җв Җв Җв Җв Җв Җв Җв Җв Җв ҖвЈҖвЈҖвЈ„вЈјвЈҝвЈӨвЈҰвЈ¶вЈҝвЈ§вЈӨвЈӨвЈҖвЎҖв Җв Җв Җв Җв Җв Җв Җв Җв Җв Җв Җв Җв Җв Җв Җв Җв Җв Җв Җв Җв Җв Җв Җв Җв Җв Җв Җв Җ
в Җв Җв Җв Җв Җв Җв Җв Җв Җв Җв Җв Җв Җв Җв Җв Җв Җв Җв Җв Җв Җв Җв ҖвЈ вЈ вЈҰвЈҫв ҝв ӣв ӣв үв үвЈҝвЎ…в Җв ҖвЈҝвЎҶв Җв үв үв ӣв »вў¶вЈҰвЈ„вЎҖв Җв Җв Җв Җв Җв Җв Җв Җв Җв Җв Җв Җв Җв Җв Җв Җв Җв Җв Җв Җв Җв Җв Җ
в Җв Җв Җв Җв Җв Җв Җв Җв Җв Җв Җв Җв Җв Җв Җв Җв Җв ҖвўҖвЈҖвЈҙвЈҫв ҝв ӣв үв Ғв Җв Җв Җв Җв Җв ҖвЈҝвЎҮв Җв ҖвЈҝвЎҮв Җв Җв Җв Җв Җв Җв Җв үв ӣв ·вЈ¶вЈ„вЎҖв Җв Җв Җв Җв Җв Җв Җв Җв Җв Җв Җв Җв Җв Җв Җв Җв Җв Җв Җ
в Җв Җв Җв Җв Җв Җв Җв Җв Җв Җв Җв Җв Җв Җв Җв ҖвЈ вЈҙвЎҝв ӣв үв Җв Җв Җв Җв Җв Җв Җв Җв Җв Җв ҖвЈҝвЎ§в Җв ҖвЈҝвЎҮв Җв Җв Җв Җв Җв Җв Җв Җв Җв Җв Җв үв ӣвў·вЈҰвЈҖв Җв Җв Җв Җв Җв Җв Җв Җв Җв Җв Җв Җв Җв Җв Җв Җ
в Җв Җв Җв Җв Җв Җв Җв Җв Җв Җв Җв Җв ҖвўҖвЈҙвЈҫв ҹв Ғв Җв Җв Җв Җв Җв Җв Җв Җв Җв Җв Җв Җв Җв ҖвўҝвЈҝв Җв ҖвЈҝвЎҮв Җв Җв Җв Җв Җв Җв Җв Җв Җв Җв Җв Җв Җв Җв Ҳв ӣвў·вЈҰвЎҖв Җв Җв Җв Җв Җв Җв Җв Җв Җв Җв Җв Җв Җ
в Җв Җв Җв Җв Җв Җв Җв Җв Җв Җв ҖвўҖвЈҙвЎҝв Ӣв Җв Җв Җв Җв Җв Җв Җв Җв Җв Җв Җв Җв Җв Җв Җв Җв ҖвўәвЈҝв Җв ҖвЈҝвЎҮв Җв Җв Җв Җв Җв Җв Җв Җв Җв Җв Җв Җв Җв Җв Җв Җв Җв Ҳв »вЈ¶вЈҖв Җв Җв Җв Җв Җв Җв Җв Җв Җв Җв Җ
в Җв Җв Җв Җв Җв Җв Җв Җв Җв ҖвЈ°вЈҝв Ӣв Җв Җв Җв Җв Җв Җв Җв Җв Җв Җв Җв Җв Җв Җв Җв Җв Җв Җв ҖвЈҪвЈҝв Җв ҖвЈҝвЈҮв Җв Җв Җв Җв Җв Җв Җв Җв Җв Җв Җв Җв Җв Җв Җв Җв Җв Җв Җв Ҳв »вЈҰвЎҖв Җв Җв Җв Җв Җв Җв Җв Җв Җ
в Җв Җв Җв Җв Җв Җв Җв ҖвўҖвЈҫвЎҹв Ғв Җв Җв Җв Җв Җв Җв Җв Җв Җв Җв Җв Җв Җв Җв Җв Җв Җв Җв Җв ҖвЈҫвЈҝв Җв ҖвўҝвЈ—в Җв Җв Җв Җв Җв Җв Җв Җв Җв Җв Җв Җв Җв Җв Җв Җв Җв Җв Җв Җв Җв ҳвўҝвЈ„в Җв Җв Җв Җв Җв Җв Җв Җ
в Җв Җв Җв Җв Җв Җв ҖвўҖвЈҫвЎҹв Җв Җв Җв Җв Җв Җв Җв Җв Җв Җв Җв Җв Җв Җв Җв Җв Җв Җв Җв Җв Җв ҖвЈҪвЈҝв Җв ҖвўҪвЈҝв Җв Җв Җв Җв Җв Җв Җв Җв Җв Җв Җв Җв Җв Җв Җв Җв Җв Җв Җв Җв Җв Җв Ҳвў»вЈҶв Җв Җв Җв Җв Җв Җв Җ
в Җв Җв Җв Җв Җв ҖвўҖвЈҫвЎҹв Җв Җв Җв Җв Җв Җв Җв Җв Җв Җв Җв Җв Җв Җв Җв Җв Җв Җв Җв Җв Җв Җв ҖвЈҪвЈҝв Җв ҖвўәвЈҝв Җв Җв Җв Җв Җв Җв Җв Җв Җв Җв Җв Җв Җв Җв Җв Җв Җв Җв Җв Җв Җв Җв Җв Җвў»вЈҮв Җв Җв Җв Җв Җв Җ
в Җв Җв Җв Җв ҖвўҖвЈјвЎҹв Җв Җв Җв Җв Җв Җв Җв Җв Җв Җв Җв Җв Җв Җв Җв Җв Җв Җв Җв Җв Җв Җв Җв ҖвЈҝвЈҝв Җв ҖвўёвЈҝв Җв Җв Җв Җв Җв Җв Җв Җв Җв Җв Җв Җв Җв Җв Җв Җв Җв Җв Җв Җв Җв Җв Җв Җв ҖвўҝвЎҶв Җв Җв Җв Җв Җ
в Җв Җв Җв ҖвўҖвЈјвЎҹв Җв Җв Җв Җв Җв Җв Җв Җв Җв Җв Җв Җв Җв Җв Җв Җв Җв Җв Җв Җв Җв Җв Җв Җв ҖвЈҝвЈҝв Җв ҖвўёвЈҝв Ҷв Җв Җв Җв Җв Җв Җв Җв Җв Җв Җв Җв Җв Җв Җв Җв Җв Җв Җв Җв Җв Җв Җв Җв Җв ҲвЈҝвЎ„в Җв Җв Җв Җ
в Җв Җв Җв ҖвЈјвЎҝв Ғв Җв Җв Җв Җв Җв Җв Җв Җв Җв Җв Җв Җв Җв Җв Җв Җв Җв Җв Җв Җв Җв Җв Җв Җв ҖвЈҝвЈҝв Җв ҖвўҳвЈҝвЎҮв Җв Җв Җв Җв Җв Җв Җв Җв Җв Җв Җв Җв Җв Җв Җв Җв Җв Җв Җв Җв Җв Җв Җв Җв ҖвўёвЈ·в Җв Җв Җв Җ
в Җв Җв Җвў°вЈҝв ғв Җв Җв Җв Җв Җв Җв Җв Җв Җв Җв Җв Җв Җв Җв Җв Җв Җв Җв Җв Җв Җв Җв Җв Җв Җв ҖвЈҝвЈҝв Җв Җв ҖвЈҝвЎҮв Җв Җв Җв Җв Җв Җв Җв Җв Җв Җв Җв Җв Җв Җв Җв Җв Җв Җв Җв Җв Җв Җв Җв Җв Җв ҖвўҝвЎҶв Җв Җв Җ
в Җв Җв ҖвЈҝвЎҸв Җв Җв Җв Җв Җв Җв Җв Җв Җв Җв Җв Җв Җв Җв Җв Җв Җв Җв Җв Җв Җв Җв Җв Җв Җв Җв ҖвЈҝвЈҝв Җв Җв ҖвЈҝвЈ§в Җв Җв Җв Җв Җв Җв Җв Җв Җв Җв Җв Җв Җв Җв Җв Җв Җв Җв Җв Җв Җв Җв Җв Җв Җв Җв ёвЈ·в Җв Җв Җ
в Җв Җвў вЈҝв Үв Җв Җв Җв Җв Җв Җв Җв Җв Җв Җв Җв Җв Җв Җв Җв Җв Җв Җв Җв Җв Җв Җв Җв Җв Җв Җв ҖвЈҝвЈҝв Җв Җв ҖвЈҝвЈҜв Җв Җв Җв Җв Җв Җв Җв Җв Җв Җв Җв Җв Җв Җв Җв Җв Җв Җв Җв Җв Җв Җв Җв Җв Җв ҖвўёвЈҸв Җв Җв Җ
в Җв ҖвўёвЎҝв Җв Җв Җв Җв ҖвўҖв ҖвЎҖвўҖв ҖвЎҖвЎҖвЈҖвўҖвЎҖвЈҖвўҖвЎҖвЎҖв  вўҖв ҖвЎҖвўҖв Җв Җв Җв Җв ёвЈҝв ҖвўҖв Җвў»вЈҝв ҖвЎҖвўҖв ҖвЎҖвў„вўҖв ҖвЎ вўҖвЎҖвЈ вЈ вЈӨвЈ¶вЈ¶вЈ¶вЈ¶вЈ¶вЈ¶вЈҰвЈҙвЈӨвЈӨвЈ„вЈӨвЈҖвЈҝвЈҖвЈҖвЎҖ
вЈҙвЈ·вЈ¶вЈҫвЈҫвЈ·вЈҝвЈҫвЈҝвЈҝвЈҝвЈҝвЎҝвЈҝвўҝв ҝв ҝв ҝв ҝв ҝв ҝв ҝв ҝв ҝв ҝв ҝв ҝв ҝв ҝв ҝв ҝв ҝв ҝв ҝв ҝв ҝв ҝв ҝв ҝв ҝв ҝв ҝв ҝв ҝв ҝв ҝв ҝв ҝв ҹвўҹвўӣвЈӣвЈӢвЈүвЈҘвЈӨвЈӨвЈ„вЈҲвЈҖвЈүв үвўүв үвЎүв үв үв Ӣвў№вЎҸ
вў°вЈҝвЎҮв ҖвўҖв ҖвЎҖвЈҖвЈҖвЈ„вЈ вЈ„вЈӨвЈӨвЈӨвЈӨвЈҰвЈҙвЈӨвЈҰвЈҙвЈӨвЈҰвЈҰвЈ¶вЈҙвЈ¶вЈ¶вЈ¶вЈ¶вЈ¶вЈ¶вЈҫвЎҫв ҝв ҝв ҝв ҝвЈҝв ҝв ҝв ҝв ҝв ҝв ҝв ҝв ҝв ҝв ҝв »в »в ӣв ӣв ӣв Ӣв үв ӣв ӣв ӣв ӣв »в ҝв ҝв ҝвўҝвЎҝв ҝв ҫв ҫв Ү
в ҳвЈҝвЈ·вЈҝвЎҝвЈҝвЎҝв ҝв ҝв ӣв ӣв ӣв ӣв ӣв ҷв үв Ӣв үв үв үв үв үв үв үв үв үв үв Җв Җв Җв Җв Җвў№вЎҮв Җв Җв Җв җвЈҝв „в Җв Җв Җв Җв Җв Җв Җв Җв Җв Җв Җв Җв Җв Җв Җв Җв Җв Җв Җв Җв Җв Җв Җв ҖвЈјвЎҮв Җв Җв Җв Җ
в Җв Җв Җв Җв ҖвЈҝвЎҮв Җв Җв Җв Җв Җв Җв Җв Җв Җв Җв Җв Җв Җв Җв Җв Җв Җв Җв Җв Җв Җв Җв Җв Җв ҖвўёвЈ·в Җв Җв Җв ҖвЈҝвЎҮв Җв Җв Җв Җв Җв Җв Җв Җв Җв Җв Җв Җв Җв Җв Җв Җв Җв Җв Җв Җв Җв Җв ҖвўҖвЈҝв „в Җв Җв Җв Җ
в Җв Җв Җв Җв ҖвўҝвЈҜв Җв Җв Җв Җв Җв Җв Җв Җв Җв Җв Җв Җв Җв Җв Җв Җв Җв Җв Җв Җв Җв Җв Җв Җв Җв ёвЈҝв Җв Җв Җв ҖвЈҝвЎҮв Җв Җв Җв Җв ҖвЎҖв ҖвўҖв Җв Җв ҖвўҖв ҖвЈҖвЈҖвЈҗвЈҖвЈ„вЈҗвЈӨвЈ”вЈ„вЈ вЈёвЎҝв Җв Җв Җв Җв Җ
в Җв Җв Җв Җв ҖвЈ№вЈҝв Җв Җв ҖвЎҖв  вўҖвЈҖвЈҖвЈ„вЈ вЈ вЈ вЈӨвЈҙвЈӨвЈ¶вЈҙвЈ¶вЈ¶вЈ¶вЈ¶вЈ¶вЈ¶вЈ¶вЈ¶вЈ¶вЈҝвЈ·вЈ¶вЈ¶вЈ¶вЈҝвЈ·вЈҫвЈ¶вЈ·вЈҝвЈҝвЈҝвЈ¶вЈ·вЈҝвЈҝвЈҝвЈҝвЈҝвЈҝвЈҝвЈҝвЈҝвЈҝвЈҝвЈҝвЈҝвЈҝвЈҝвЈҝвЎ—в Җв Җв Җв Җв Җ
в Җв Җв Җв Җв ҖвўёвЈҝвЈ§вЈҫвЈҝвЈҝвЈҝвЈҝвЈҝвЈҝвЈҝвЈҝвЈҝвЈҝвЈҝвЈҝвЈҝвЈҝвЈҝвЈҝвЈҝвЈҝвЈҝвЈҝвЈҝвЈҝвЈҝвЈҝвЈҝвЈҝвЈҝвЈҝвЈҝвЈҝвЈҝвЈҝвЈҝвЈҝвЈҝвЈҝвЈҝвЈҝвЈҝвЈҝвЈҝвЈҝвЈҝвЈҝвЈҝвЈҝвЈҝвЈҝвЈҝвЈҝвЈҝвЈҝвЈҝвЈҝвЈҝв Үв Җв Җв Җв Җв Җ
в Җв Җв Җв Җв Җв ҳвЈҝвЈҝвЈҝвЈҝвЈҝвЈҝвЈҝвЈҝвЈҝвЈҝвЈҝвЈҝвЈҝвЈҝвЈҝвЈҝвЈҝвЈҝвЈҝвЈҝвЈҝвЈҝвЈҝвЈҝвЈҝвЈҝвЈҝвЈҝвЈҝвЈҝвЈҝвЈҝвЈҝвЈҝвЈҝвЈҝвЈҝвЈҝвЈҝвЈҝвЈҝвЈҝвЈҝвЈҝвЈҝвЈҝвЈҝвЈҝвЈҝвЈҝвЈҝвЈҝвЈҝвЈҝвЈҝвЈҝвЈҝвЈҝв Җв Җв Җв Җв Җв Җ
в Җв Җв Җв Җв Җв ҖвўҝвЈҝвЈҝвЈҝвЈҝвЈҝвЈҝвЈҝвЈҝвЈҝвЈҝвЈҝвЈҝвЈҝвЈҝвЈҝвЈҝвЈҝвЈҝвЈҝвЈҝвЈҝвЈҝвЈҝвЈҝвЈҝвЈҝвЈҝвЈҝвЈҝвЈҝвЈҝвЈҝвЎҝвЎҝвЎҝвЈҝвўҝвўҝв ҝвЎҝвўҝв ҝв ҝв ҝв ҝв ӣв ӣв ӣв »в ҝв ҝв ҝв ҝв ҝвЈҝвЈҝвЈҝвЈҰвЈҰв Җв Җв Җв Җ
в Җв Җв Җв ҖвЈҰвЈ¶вЈҫвЈҝвЈҝвЈҝвЈҝвЈҝв ҝв ҝв ҝв ҝв ҝв ҝв »в ӣв ҹв ӣв ӣв ӣв ӣв ӣв ӣв үв үв үв үв үв Ғв Җв Җв Җв Җв Җв Җв Җв Җв Җв Җв Җв Җв Җв Җв Җв Җв Җв Җв Җв Җв Җв Җв Җв Җв Җв Җв Җв Җв Җв Җв ҖвЈјвЎҹв Җв Җв Җв Җ
в Җв Җв Җв ҖвЈ»вЎҶв Җв Ҳв Җв Җв Җв Җв Җв Җв Җв Җв Җв Җв Җв Җв Җв Җв Җв Җв Җв Җв Җв Җв Җв Җв Җв Җв Җв Җв Җв Җв Җв Җв Җв Җв Җв Җв Җв Җв Җв Җв Җв Җв Җв Җв Җв Җв Җв Җв Җв Җв Җв Җв Җв Җв Җв Җв Җвў вЈҝв ғв Җв Җв Җв Җ
в Җв Җв Җв ҖвўёвЈ·в Җв Җв Җв Җв Җв Җв Җв Җв Җв Җв Җв Җв Җв Җв Җв Җв Җв Җв Җв Җв Җв Җв Җв Җв Җв Җв Җв Җв Җв Җв Җв Җв Җв Җв Җв Җв Җв Җв Җв Җв Җв Җв Җв Җв Җв Җв Җв Җв Җв Җв Җв Җв Җв Җв Җв Җв ҖвўјвЎҝв Җв Җв Җв Җв Җ
в Җв Җв Җв ҖвўёвЈҝв Җв Җв Җв Җв Җв Җв Җв Җв Җв Җв Җв Җв Җв Җв Җв Җв Җв Җв Җв Җв Җв Җв Җв Җв Җв Җв Җв Җв Җв Җв Җв Җв Җв Җв Җв Җв Җв Җв Җв Җв Җв Җв Җв Җв Җв Җв Җв Җв Җв Җв Җв Җв Җв Җв Җв ҖвўҖвЈҝвЎҮв Җв Җв Җв Җв Җ
в Җв Җв Җв Җв җвЈҝвЎ„в Җв Җв Җв Җв Җв Җв Җв Җв Җв Җв Җв Җв Җв Җв ҖвЈ вЈҖв Җв Җв Җв Җв Җв Җв Җв Җв Җв Җв Җв Җв Җв Җв Җв Җв Җв Җв Җв Җв Җв Җв Җв Җв Җв Җв Җв Җв Җв Җв Җв Җв Җв Җв Җв Җв Җв Җвў°вЈҝв Ғв Җв Җв Җв Җв Җ
в Җв Җв Җв Җв ҲвЈҝвЎҮв Җв Җв Җв Җв Җв Җв Җв Җв Җв Җв Җв Җв ҖвўҖвЈјвЈҝвЎҝв Ғв Җв Җв Җв ҖвЈ°вЈҫвЎ„в Җв Җв Җв Җв Җв Җв Җв Җв Җв Җв Җв Җв Җв Җв Җв Җв Җв Җв Җв Җв Җв Җв Җв Җв Җв Җв Җв Җв Җв ҖвЈәвЎҹв Җв Җв Җв Җв Җв Җ
в Җв Җв Җв Җв Җвў»вЎ§в Җв Җв Җв Җв Җв Җв Җв Җв Җв Җв Җв ҖвўҒвЈҫвЈҝвЎҝв Ғв Җв Җв Җв ҖвЈјвЈҝвЎҝв Җв Җв Җв Җв Җв Җв Җв Җв Җв ҖвЈ вЈҖвЈ„вЈ вЈ вЈ вЈӨвЈӨвЈҙвЈӨвЈҢв Җв ҖвЈ вЈҖвЎҖв „в Җв Җв ҖвўҖвЈҝвЎҮв Җв Җв Җв Җв Җв Җ
в Җв Җв Җв Җв Җвў№вЈҝв Җв Җв Җв Җв Җв Җв Җв Җв Җв Җв Җвў вЈҝвЈҝвЎҝв Ғв Җв Җв Җв ҖвЈјвЈҝвЎҝв Ғв Җв Җв Җв Җв Җв Җв Җв Ҳвў°вЈҝвЈҝвЈҝвЈҝвЈҝвЈҝвЈҝвЈҝвЈҝвЈҝвЈҝвЈҝв Ҷвў°вЈҝвЈҝвЎҮв Җв Җв Җв ҖвўёвЈҝв Җв Җв Җв Җв Җв Җв Җ
в Җв Җв Җв Җв Җв  вЈҝвЎҮв Җв Җв Җв Җв Җв Җв Җв Җв ҖвЈ°вЈҝвЈҝвЎҝв Ғв Җв Җв Җв ҖвЈјвЈҝвЈҝвЈҝвЈҰвЈҖв Җв Җв Җв Җв Җв Җв Җв Җвў©вЈҝвЈҝв үв Ҳв Җв Ғв Җв Җв Җв Җв Җв ҖвўёвЈҝвЈҝв Ғв Җв Җв Җв ҖвЈјвЎҝв Җв Җв Җв Җв Җв Җв Җ
в Җв Җв Җв Җв Җв ҖвўҝвЈ—в Җв Җв Җв Җв Җв Җв Җв ҖвЈ°вЈҝвЈҝвЈҝвЈ·вЈҰвЎҖв Җв ҖвЈјвЈҝвЎҝв үв »вўҝвЈҝвЈ§вЎ„в Җв Җв Җв Җв Җв ҖвЈјвЈҝвЎҹв Җв Җв Җв Җв Җв Җв Җв Җв Җв ҖвЈҝвЈҝвЈҝв Җв Җв Җв Җв ҖвЈҝвЎҮв Җв Җв Җв Җв Җв Җв Җ
в Җв Җв Җв Җв Җв ҖвўёвЈҝвЎҖв Җв Җв Җв Җв Җв ҖвЈ°вЈҝвЈҝвЎҝв »вЈҝвЈҝвЈҝвЈҰвЈёвЈҝвЎҝв Ғв Җв Җв Җв №вўҝвЎҝв Җв Җв Җв Җв Җвў вЈҝвЈҝвЎҮв Җв Җв Җв Җв Җв Җв Җв Җв Җв ҖвЈҝвЈҝвЈҝвЈҙвЈҫвЈҫвЈ¶вЎҶвЈҝв Үв Җв Җв Җв Җв Җв Җв Җ
в Җв Җв Җв Җв Җв Җв ҲвЈҝвЎҶв Җв Җв Җв Җв ҖвЈ°вЈҝвЈҝвЎҝв Ғв Җв Җв ҷв ҝв ҹвўҝвЎҝв ғв Җв Җв Җв Җв Җв Җв Җв Җв Җв Җв Җв ҖвўёвЈҝвЈҝв Ғв Җв Җв Җв Җв Җв Җв Җв Җв ҖвўёвЈҝвЈҝвЈҝв ҝв ҹв Ӣв ҒвўёвЈҝв Ғв Җв Җв Җв Җв Җв Җв Җ
в Җв Җв Җв Җв Җв Җв ҖвЈҝвЎ§в Җв Җв Җв ҖвЈ°вЈҝвЈҝвЎҝв Ғв Җв Җв Җв Җв Җв Җв Җв Җв Җв Җв Җв Җв Җв Җв Җв Җв Җв Җв Җв Җв ҖвЈҪвЈҝвЎҹв Җв Җв Җв Җв Җв Җв Җв Җв Җв ҖвўёвЈҝвЈҝв ғв Җв Җв Җв ҖвўёвЈҝв Җв Җв Җв Җв Җв Җв Җв Җ
в Җв Җв Җв Җв Җв Җв ҖвўҝвЈҝв Җв Җв Җв Җв »в ҹв ӣв Ғв Җв Җв Җв Җв Җв Җв Җв Җв Җв Җв Җв Җв Җв Җв Җв Җв Җв Җв Җв Җв Җв ҖвЈҝвЈҝвЈ§вЈӨвЈӨвЈҰвЈҙвЈӨвЈ·вЈҫвЈ¶вЈ„в ҖвЈёвЈҝвЈҝв Ғв Җв Җв Җв ҖвўёвЈҝв Җв Җв Җв Җв Җв Җв Җв Җ
в Җв Җв Җв Җв Җв Җв ҖвўёвЈҝвЎҖв Җв Җв Җв Җв Җвў вЈҰвЈӨвЈҘвЈ¶вЈҙвЈ¶вЈ¶вЈҫвЈ¶вЈ¶вЈӨвЈҰвЈҙвЈӨвЈӨвЈ¬вЈ„вЎҖв Җв Җв Җв Җв Җв үв ӣв ҝв ҝв ҝв ҝв ӣв ӣв ӣв ӣв ӣв ӢвўҖвЈҫвЈҝвЎҝв Җв Җв Җв Җв ҖвЈҪвЎ—в Җв Җв Җв Җв Җв Җв Җв Җ
в Җв Җв Җв Җв Җв Җв Җв ёвЈҝвЎҮв Җв Җв Җв Җв Җв №вЈҝвЈҝвЈҝвЈҝвЈҝвЈҝвЈҝвЈҝвЈҝвЈҝвЈҝвЈҝвЈҝвЈҝвЈҝвЈҝвЈҝвЎҝв Җв Җв Җв Җв Җв Җв Җв Җв Җв Җв Җв Җв Җв Җв Җв Җв Җв Җв үв үв Җв Җв Җв Җв Җв ҖвЈҝвЎҮв Җв Җв Җв Җв Җв Җв Җв Җ
в Җв Җв Җв Җв Җв Җв Җв ҖвЈҝвЈҮв Җв Җв Җв Җв Җв Җв Җв Җв үв үв үв үв үв үв үв үв үв үв үв үв үв Җв Җв Җв Җв Җв Җв Җв Җв Җв Җв Җв Җв Җв Җв Җв Җв Җв Җв Җв Җв Җв Җв Җв Җв Җв Җв Җв Җв ҖвЈҝвЎҮв Җв Җв Җв Җв Җв Җв Җв Җ
в Җв Җв Җв Җв Җв Җв Җв ҖвўҝвЈҝв Җв Җв Җв Җв Җв Җв Җв Җв Җв Җв Җв Җв Җв Җв Җв Җв Җв Җв Җв Җв Җв Җв Җв Җв Җв Җв Җв Җв Җв Җв Җв Җв Җв Җв Җв Җв Җв Җв Җв Җв Җв Җв Җв Җв Җв Җв Җв Җв ҖвўЁвЈҝв Җв Җв Җв Җв Җв Җв Җв Җв Җ
в Җв Җв Җв Җв Җв Җв Җв ҖвўәвЈҝвЎҶв Җв Җв Җв Җв Җв Җв Җв Җв Җв Җв Җв Җв Җв Җв Җв Җв Җв Җв Җв Җв Җв Җв Җв Җв Җв Җв Җв Җв Җв Җв Җв Җв Җв Җв Җв Җв Җв Җв Җв Җв Җв Җв Җв Җв Җв Җв Җв ҖвўёвЈҝв Җв Җв Җв Җв Җв Җв Җв Җв Җ
в Җв Җв Җв Җв Җв Җв Җв Җв ёвЈҝвЎҮв Җв Җв Җв Җв Җв Җв Җв Җв Җв Җв Җв Җв Җв Җв Җв Җв Җв Җв Җв Җв Җв Җв Җв Җв Җв Җв Җв Җв Җв Җв Җв Җв Җв Җв Җв Җв Җв Җв Җв Җв Җв Җв Җв Җв Җв Җв Җв ҖвЈёвЈҝв Җв Җв Җв Җв Җв Җв Җв Җв Җ
в Җв Җв Җв Җв Җв Җв Җв Җв җвЈҝвЈ§в Җв Җв Җв Җв Җв Җв Җв Җв Җв Җв Җв Җв Җв Җв Җв Җв Җв Җв Җв Җв Җв Җв Җв Җв Җв Җв Җв Җв Җв Җв Җв Җв Җв Җв Җв Җв Җв Җв Җв Җв Җв Җв Җв Җв Җв Җв Җв ҖвўјвЈҝв Җв Җв Җв Җв Җв Җв Җв Җв Җ
в Җв Җв Җв Җв Җв Җв Җв Җв ҲвЈҝвЈҝв Җв Җв Җв Җв Җв Җв Җв „в Җв Җв Җв Җв ҖвЎҖв  вЎҖвЎҖвў„вЈ вЈҖвЈ„вЈ вЈҖвЈ„вЈ вЈ вЈ вЈ вЈ„вЈӨвЈ вЈ„вЈ„вЈ„вЈ вЈ вЈ вЈӨвЈҙвЈӨвЈ¶вЈҫвЈҰвЈҫвЈ¶вЈӨвЈ¶вЈ¶вЈҫвЎ—в Җв Җв Җв Җв Җв Җв Җв Җв Җ
в Җв Җв Җв Җв Җв Җв Җв Җв Җвў»вЈҝвЈ¶вЈ·вЈҫвЈ¶вЈ·вЈҫвЈҝвЈҝвЈ·вЈҫвЈҝвЈҝвЈҝвЈҝвЈҝвЈҝвЈҝвЈҝвЈҝвЈҝвЈҝвЈҝвЈҝвЈҝвЈҝвЈҝвЈҝвЈҝвЈҝвЈҝвЈҝвЈҝвЈҝвЈҝвЈҝвЈҝвЈҝвЈҝвЈҝвЈҝвЈҝвЈҝвЈҝвЈҝвЈҝвЈҝвЈҝвЈҜв Ҳв Җв Җв Җв Җв Җв Җв Җв Җв Җв Җ
в Җв Җв Җв Җв Җв Җв Җв Җв Җв Җв үв үв ©вЈҝвЈҝвЈҝвЈҝвЈҝвЈҝвЈҝвЈҝвЈҝвЈҝвЈҝвЈҝвЈҝвЈҝвЈҝвЈҝвЈҝвЈҝвЈҝвЈҝвЈҝвЈҝвЈҝвЈҝвЈҝвЈҝвЈҝвЈҝвЈҝвЈҝвЈҝвЈҝвЈҝвЈҝвЈҝвЈҝвЈҝвЈҝвЈҝвЈҝвЈҝвЈҝвЈҝвЈҝвЈҝвЎ—в Җв Җв Җв Җв Җв Җв Җв Җв Җв Җв Җ
в Җв Җв Җв Җв Җв Җв Җв Җв Җв Җв Җв ҖвўЁвЈҝвЈҝвЈҝвЈҝвЈҝвЈҝвЈҝвЈҝвЈҝвЈҝвЈҝвЈҝвЈҝвЈҝвЈҝвЈҝвЈҝвЈҝвЈҝвЈҝвЈҝвЈҝвЈҝвЈҝвЈҝвЈҝвЈҝвЈҝвЈҝвЈҝвЈҝвЈҝвЈҝвЈҝвЈҝвЈҝвЈҝвЈҝвЈҝвЈҝвЈҝвЈҝвЈҝвЈҝвЈҝвЎҸв Җв Җв Җв Җв Җв Җв Җв Җв Җв Җв Җ
в Җв Җв Җв Җв Җв Җв Җв Җв Җв Җв Җв Җв җвЈҝвЈҝвЈҝвЈҝвЈҝвЈҝвЈҝвЈҝвЈҝвЈҝвЈҝвЈҝвЈҝвЈҝвЈҝвЈҝвЈҝвЈҝвЈҝвЈҝвЈҝвЈҝвЈҝвЈҝвЈҝвЈҝвЈҝвЈҝвЈҝвЈҝвЈҝвЈҝвЈҝвЈҝвЈҝвЈҝвЈҝвЈҝвЈҝвЈҝвЈҝвЈҝвЈҝвЈҝвЈҝвЈҮв Җв Җв Җв Җв Җв Җв Җв Җв Җв Җв Җ
в Җв Җв Җв Җв Җв Җв Җв Җв Җв Җв Җв Җв ҖвЈҝвЈҝвЈҝвЈҝвЈҝвЈҝвЈҝвЈҝвЈҝвЈҝвЈҝвЈҝвЈҝвЈҝвЈҝвЈҝвЈҝвЈҝвЈҝвЈҝвЈҝвЈҝвЈҝвЈҝвЈҝвЈҝвЈҝвЈҝвЈҝвЈҝвЈҝвЈҝвЈҝвЈҝвЈҝвЈҝвЈҝвЈҝвЈҝвЈҝвЈҝвЈҝвЈҝвЈҝвЈҝвЎ§в Җв Җв Җв Җв Җв Җв Җв Җв Җв Җв Җ
в Җв Җв Җв Җв Җв Җв Җв Җв Җв Җв Җв Җв ҖвЈҝвЈҝвЈҝвЈҝвЈҝвЈҝвЈҝвЈҝвЈҝвЈҝвЈҝвЈҝвЈҝвЈҝвЈҝвЈҝвЈҝвЈҝвЈҝвЈҝвЈҝвЈҝвЈҝвЈҝвЈҝвЈҝвЈҝвЈҝвЈҝвЈҝвЈҝвЈҝвЈҝвЈҝвЈҝвЈҝвЈҝвЈҝвЈҝвЈҝвЈҝвЈҝвЈҝвЈҝвЈҝвЈҜв Җв Җв Җв Җв Җв Җв Җв Җв Җв Җв Җ
в Җв Җв Җв Җв Җв Җв Җв Җв Җв Җв Җв Җв Җв Ҳв ӣв ҷв ҷв Ӣв ӣв ҷв Ӣв Ӣв Ӣв ӣв ҷв Ӣв ҷв үв үв үв үв ҷв ҷв ӣв ӣв ӣв ӣв ӣв ӣв ҝв ҝв ҝв ҝв ҝв ҝв ҝв ҝв ҝвўҝв ҝвЎҝвЎҝв ҝв ҝв ҝв ӣв ӣв ӣв Ӣв Җв Җв Җв Җв Җв Җв Җв Җв Җв Җв Җ
');
INSERT INTO ending (e_id, e_name, e_desc, e_img) VALUES ('e4', 'м—ҳлҰ¬нҠё мқҙм„ нҳҒ', 'нҸүмҶҢмҷҖ лӢӨлҘҙкІҢ лҳ‘лҳ‘н•ҳкі  мһ¬л№Ёлқјм§„ м„ нҳҒмқҙк°Җ мҳҒк· мқҙлҘј нқ м”¬ л‘җл‘ҳкІЁ нҢјлӢӨ', '

в Җв Җв Җв Җв Җв Җв Җв Җв Җв Җв Җв Җв Җв Җв Җв Җв Җв Җв Җв Җв Җв Җв Җв Җв Җв Җв Җв Җв Җв Җв Җв Җв Җв Җв Җв Җв Җв Җв Җв Җв Җв Җв Җв Җв Җв Җв Җв Җв Җв Җв Җв Җв Җв Җв Җв Җв Җв Җв Җв Җв Җв Җв Җв Җв Җв Җв Җв Җв Җв Җ
в Җв Җв Җв Җв Җв Җв Җв Җв Җв Җв Җв Җв Җв Җв Җв Җв Җв Җв Җв Җв Җв Җв Җв Җв Җв Җв Җв Җв Җв Җв Җв Җв Җв Җв Җв Җв Җв Җв Җв Җв Җв Җв Җв Җв Җв Җв Җв Җв Җв Җв Җв Җв Җв Җв Җв Җв Җв Җв Җв Җв Җв Җв Җв Җв Җв Җв Җв Җв Җв Җ
в Җв Җв Җв Җв Җв Җв Җв Җв Җв Җв Җв Җв Җв Җв Җв Җв Җв Җв Җв Җв Җв Җв Җв Җв Җв Җв Җв Җв Җв Җв Җв Җв Җв Җв Җв Җв Җв Җв Җв Җв Җв Җв Җв Җв Җв Җв Җв Җв Җв Җв Җв Җв Җв Җв Җв Җв Җв Җв Җв Җв Җв Җв Җв Җв Җв Җв Җв Җв Җв Җ
в Җв Җв Җв Җв Җв Җв Җв Җв Җв Җв Җв Җв Җв Җв Җв Җв Җв Җв Җв Җв Җв Җв Җв Җв Җв Җв Җв Җв Җв Җв Җв Җв Җв Җв Җв Җв Җв Җв Җв Җв Җв Җв Җв Җв Җв Җв Җв Җв Җв Җв Җв Җв Җв Җв Җв Җв Җв Җв Җв Җв Җв Җв Җв Җв Җв Җв Җв Җв Җв Җ
в Җв Җв Җв Җв Җв Җв Җв Җв Җв Җв Җв Җв Җв Җв Җв Җв Җв Җв Җв Җв Җв Җв Җв Җв Җв Җв Җв Җв Җв Җв Җв Җв Җв Җв Җв Җв Җв Җв Җв Җв Җв Җв Җв Җв Җв Җв Җв Җв Җв Җв Җв Җв Җв Җв Җв Җв Җв Җв Җв Җв Җв Җв Җв Җв Җв Җв Җв Җв Җв Җ
в Җв Җв Җв Җв Җв Җв Җв Җв Җв Җв Җв Җв Җв Җв Җв ҖвўҖвЈӨвЈҙвЈҙвЈӨвЈӨвЈӨвЈҖвЎҖв Җв Җв Җв Җв Җв Җв Җв Җв Җв Җв Җв Җв Җв Җв Җв Җв Җв Җв Җв Җв Җв Җв Җв Җв Җв Җв Җв Җв Җв Җв Җв Җв Җв Җв Җв Җв Җв Җв Җв Җв Җв Җв Җв Җв Җ
в Җв Җв Җв Җв Җв Җв Җв Җв Җв Җв Җв ҖвўҖвЈӨв һв ӣв үв Ғв Җв Җв Җв Җв үв үв »вў·вЈӨвЎҖв Җв Җв Җв Җв Җв Җв Җв Җв Җв Җв Җв Җв ҖвЈҖвЈ вЈҖвЎҖв Җв Җв Җв Җв Җв ҖвЎҖвўҖв Җв Җв Җв Җв Җв Җв Җв Җв Җв Җв Җв Җв Җв Җв Җв Җв Җ
в Җв Җв Җв Җв Җв Җв Җв Җв Җв Җв ҖвЈҙв Ҹв Җв Җв Җв Җв Җв Җв Җв Җв Җв Җв Җв Җв Җв ҷвўҝвЈҰв Җв Җв Җв Җв Җв Җв Җв Җв Җв Җв Җвў вЎҸвЈ вЎјвў§в Җв Җв Җв Җв  вЈһвЎүв ҷвЈҮв Җв Җв Җв Җв Җв Җв Җв Җв Җв Җв Җв Җв Җв Җв Җв Җ
в Җв Җв Җв Җв Җв Җв Җв Җв Җв ҖвЈјв ғв Җв Җв Җв Җв Җв Җв ҖвўҖвЈ„в Җв Җв Җв Җв Җвў вЈӨвЎқвў·вЎ„в Җв Җв Җв Җв Җв Җв Җв Җв Җв ҖвЈҜв үвЈҘв ҹв Җв Җв ҖвЈ„вЎҙв «вЈҮв Җвў·вЎҖв Җв Җв Җв Җв Җв Җв Җв Җв Җв Җв Җв Җв Җв Җв Җ
в Җв Җв Җв Җв Җв Җв Җв Җв Җвў°вЎҮв Җв Җв Җв Җв Җв Җв ҖвЎҙв Ӣв №в Җв Җв Җв Җв Җв һв Җв Ғв ҳвЈҝвЎҖв Җв Җв Җв Җв Җв Җв Җв Җв Җвўҝв Җв ёвЈҶвЎҖв ҖвЈ°в Ӣв Җв Җв Ҳвў»вЎҖв ҷвЈҰвЈ вЈӨвЈҖв Җв Җв Җв Җв Җв Җв Җв Җв Җв Җв Җ
в Җв Җв Җв Җв Җв Җв Җв Җв ҖвЈҪв Җв Җв Җв Җв Җв Җв Җв Җв Ғв Җв Җв Җв Җв Җв ҖвЎ„в Җв Җв Җв ҖвўёвЈҮв Җв Җв Җв Җв Җв Җв Җв Җв ҖвўёвЎҮв Җв Ҝв үв ӣвЈҜвўҖвЎҖвЈёв ғв ҳвЈ§в Җв ҲвўівЈ„в ҷвЈҶв Җв Җв Җв Җв Җв Җв Җв Җв Җв Җ
в Җв Җв Җв Җв Җв Җв Җв Җв ҖвЈҝв Җв Җв Җв Җв Җв Җв Җв ҖвЎҖвЈ вЈ вЈӨвЈҖв Җв ҖвўёвЈ„вЈӨвЈӨвЈҖв ҳвЈ·в Җв Җв Җв Җв Җв Җв Җв Җв Җв Җв ӣв ’в Ів ¶в ¶в јв ҜвЈ§вЎүвЈҖвЈҙвЎјвўҰвЎҖв Җв ҷв ҖвЈҝвЎ„в Җв Җв Җв Җв Җв Җв Җв Җв Җ
в Җв Җв Җв Җв Җв Җв Җв Җв Җвў№вЎ„в Җв Җв Җв Җв Җв җв ҡв үв үв үв ҲвЎүв Ғв Җв Ҳвў«вЎүв Җв ҖвўЁвЎҝв Җв Җв Җв Җв Җв Җв Җв Җв Җв Җв Җв Җв Җв Җв Җв Җв Җв үв №вЈӯвЎјв Ғв Ҳв »вЈ„в ҖвЈҙв ғв №вЈҶв Җв Җв Җв Җв Җв Җв Җв Җ
в Җв Җв Җв Җв Җв Җв Җв Җв Җв Ҳвў»вЎ„в Җв Җв Җв Җв Җв Җв Җв Җв ҖвЈјв ғв ¶в “вўҰвЈӨв ҹв Җв ҖвўёвЎҮв Җв Җв Җв Җв Җв Җв Җв Җв Җв Җв Җв Җв Җв Җв Җв Җв Җв Җв Җв ёвЈҶв Җв Җв Җв Ҳв ӣв Ғв Җв Җв №вЈҶв Җв Җв Җв Җв Җв Җв Җ
в Җв Җв Җв Җв Җв Җв Җв Җв Җв Җв Җв »вЈҰв Җв Җв Җв Җв Җв ҖвЈҰвўҙвЎјвў¶в ¶вЎ¶в ҫвЎ¶в –вЈҶв ҖвЈҝв ғв Җв Җв Җв Җв Җв Җв Җв Җв Җв Җв Җв Җв Җв Җв Җв Җв Җв Җв Җв Җв ҷвў¶вЈ„в Җв Җв Җв Җв Җв Җв Җвў№вЎҶв Җв Җв Җв Җв Җв Җ
в Җв Җв Җв Җв Җв Җв Җв Җв Җв Җв Җв Җв ҷвў·вЈ„в Җв Җв Җв Җв ҳвў·вЎ–в әв Ұв ·в ҙв —вўҫвЎҮвЈјвЎҸв Җв Җв Җв Җв Җв Җв Җв Җв Җв Җв Җв Җв Җв Җв Җв Җв Җв Җв Җв Җв Җв Җв Җв ҳвЈҶв Җв Җв Җв Җв Җв Җв Җвў»вЎҖв Җв Җв Җв Җв Җ
в Җв Җв Җв Җв Җв Җв Җв Җв Җв Җв Җв Җв Җв Җв үв »вЈҰвЈҖв Җв Җв Җв №вЈ¶вЈ’вЎ—вЎҝвў’вЈҝвўівЎҹв Җв Җв Җв Җв Җв Җв Җв Җв Җв Җв Җв Җв Җв Җв Җв Җв Җв Җв Җв Җв Җв Җв Җв Җв Җвў№вЎ„в Җв Җв Җв Җв Җв Җв ёвЎҮв Җв Җв Җв Җв Җ
в Җв Җв Җв Җв Җв Җв Җв Җв Җв Җв Җв Җв Җв Җв Җв ҖвЈ»в ҷв »вЈҰвЈ„в Җв Җв үв ӣв Ӣв үвў вЈҝв Ғв Җв Җв Җв Җв Җв Җв Җв Җв Җв Җв Җв Җв Җв Җв Җв Җв Җв Җв Җв Җв Җв Җв Җв Җв ҖвЈјв ғвўҖв Җв Җв Җв Җв Җв Җвўҝв Җв Җв Җв Җв Җ
в Җв Җв Җв Җв Җв Җв ҖвўҖвўҖвЈ„вЈӨвЈӨвЈӨвЈӨвЈҙвўӨвЎҝв Җв Җв Җв үв »в ¶вўҰвЈҙвЈӨвЎ¶в ҹвЈ§в Җв Җв Җв Җв Җв Җв Җв Җв Җв Җв Җв Җв Җв Җв Җв Җв Җв Җв Җв Җв Җв Җв Җв ҖвЈ в һв ҒвўҖвЎјв Ғв Җв Җв Җв Җв ҖвўҳвЎҮв Җв Җв Җв Җ
в Җв Җв Җв Җв ҖвЈ вЎҙв ҹв Ӣв үв Җв Җв Җв Җв Җв Җв Җв Җв Җв Җв Җв Җв Җв Җв Җв Җв Җв ҖвўёвЎ„в Җв Җв Җв Җв Җв Җв Җв Җв Җв Җв Җв Җв Җв Җв Җв Җв Җв Җв Җв ҖвўҖвЈӨв ҹв Ғв Җвў вЎһв Ғв Җв Җв Җв Җв Җв Җвў°вЎҮв Җв Җв Җв Җ
в Җв Җв ҖвўҖвЈјв Ӣв Җв Җв Җв Җв Җв Җв Җв Җв Җв Җв Җв Җв Җв Җв Җв Җв Җв Җв Җв Җв Җв Җв Җв “в ҡв ӣв ҡв –в ¶в ¶вЈҰвЈӨвЈҖвЎҖв Җв Җв Җв Җв Җв Җв Җв ҖвЈ вЎ¶в Ӣв Җв Җв Җвў вЎҹв Җв Җв Җв Җв ҖвўҖвЈӨв һв Ӣв Җв Җв Җв Җв Җ
в Җв Җв ҖвўёвЎҮв Җв Җв Җв Җв Җв Җв Җв Җв Җв Җв Җв Җв Җв Җв Җв Җв Җв Җв Җв Җв Җв Җв Җв Җв Җв Җв Җв Җв Җв Җв Җв Җв Җв үв »вЈҰвЎ„в Җв Җв Җв ҖвЈ в һв Ғв Җв Җв Җв ҖвЈ в ҹв Җв Җв Җв ҖвЈҖвЎҰв һв Ғв Җв Җв Җв Җв Җв Җв Җ
в Җв Җв ҖвўёвЎ…в Җв Җв Җв Җв Җв Җв Җв Җв ҖвЎҖв Җв Җв Җв Җв Җв Җв Җв Җв Җв Җв Җв Җв Җв Җв Җв Җв Җв Җв Җв Җв Җв Җв Җв Җв Җв Җвў»вЈҶв Җв Җв ҖвўЈвЎҖв Җв Ғв Җв җвЈҙв Ҹв Җв Җвў°вЈӨв һв Ӣв Җв Җв Җв Җв Җв Җв Җв Җв Җв Җ
в Җв Җв ҖвўёвЎҮв Җв Җв Җв Җв Җв Җв Җв Җв Җвў§в Җв Җв Җв Җв Җв Җв Җв Җв Җв Җв Җв Җв Җв Җв Җв Җв Җв Җв Җв Җв Җв Җв Җв Җв ҖвЈҮв ҲвЈҝв Җв Җв Җв Җв івЈ„в Җв Җв Җвўҝв Җв Җв Җв ёвЈҮв Җв Җв Җв Җв Җв Җв Җв Җв Җв Җв Җв Җ
в Җв Җв ҖвўёвЎҮв Җв Җв Җв Җв Җв Җв Җв Җв Җв ёвЎҮв Җв Җв Җв Җв Җв Җв Җв Җв Җв Җв Җв Җв Җв Җв Җв Җв Җв Җв Җв Җв Җв Җв Җв Җвў№вЎ„вўёвЎҮв Җв Җв Җв Җв Ҳв івў„в Җв ҳвў§вЎҖв Җв Җвў№вЎ„в Җв Җв Җв Җв Җв Җв Җв Җв Җв Җв Җ
в Җв Җв Җвў№вЎҮв Җв Җв Җв Җв Җв Җв Җв Җв Җв ҖвЈҝв Җв Җв Җв Җв Җв Җв Җв Җв Җв Җв Җв Җв Җв Җв Җв Җв Җв Җв Җв Җв Җв Җв Җв Җв ҳвЈ§в ҖвЈ·в Җв Җв Җв Җв Җв Җв Ҳв івЈ„в Ҳвў·вЎҖв Җв Җвў»вЎҖв Җв Җв Җв Җв Җв Җв Җв Җв Җв Җ
в Җв Җв ҖвўёвЈҸв Җв Җв Җв Җв Җв Җв Җв Җв Җв ҖвўҪвЎҖв Җв Җв Җв Җв Җв Җв Җв Җв Җв Җв Җв Җв Җв Җв Җв Җв Җв Җв Җв Җв Җв Җв Җв ҖвЈҝв ҖвўәвЎ„в Җв Җв Җв Җв Җв Җв Җв ҲвўЈвЎҲвЈ§в Җв Җв Җвў·в Җв Җв Җв Җв Җв Җв Җв Җв Җв Җ
в Җв Җв Җв ёвЎҹв Җв Җв Җв Җв Җв Җв Җв Җв Җв ҖвўёвЎҮв Җв Җв Җв Җв Җв Җв Җв Җв Җв Җв Җв Җв Җв Җв Җв Җв Җв Җв Җв Җв Җв Җв Җв ҖвЈәв Җв ёвЎҮв Җв Җв Җв Җв Җв Җв Җв Җв Җв івЎҲвў·в Җв Җв ҳвЈ§вЎҖв Җв Җв Җв Җв Җв Җв Җв Җ
в Җв Җв Җв Җв Җв Җв Җв Җв Җв Җв Җв Җв Җв Җв ҖвўёвЎҮв Җв Җв Җв Җв Җв Җв Җв Җв Җв Җв Җв Җв Җв Җв Җв Җв Җв Җв Җв Җв Җв Җв Җв Җв ҳв Җв җв Үв Җв Җв Җв Җв Җв Җв Җв Җв Җв Җвў№в ҳвЈ§в Җв Җв Җв ҷвЈҰв Җв Җв Җв Җв Җв Җв Җ
в Җв Җв Җв Җв Җв Җв Җв Җв Җв Җв Җв Җв Җв Җв Җв ҳв Җв Җв Җв Җв Җв Җв Җв Җв Җв Җв Җв Җв Җв Җв Җв Җв Җв Җв Җв Җв Җв Җв Җв Җв Җв Җв Җв Җв Җв Җв Җв Җв Җв Җв Җв Җв ҖвЈ вЎ в ҸвЈ вЎҝв Җв Җвў вЎҹв Ғв Җв Җв Җв Җв Җв Җв Җ
в Җв Җв Җв Җв Җв Җв Җв Җв Җв Җв Җв Җв Җв Җв Җв Җв Җв Җв Җв Җв Җв Җв Җв Җв Җв Җв Җв Җв Җв Җв Җв Җв Җв Җв Җв Җв Җв Җв Җв Җв Җв Җв Җв Җв Җв Җв Җв Җв Җв Җв Җв Җв Җв “в ’вўҡвЈөв ғвўҖвўҖвЎјв Ғв Җв Җв Җв Җв Җв Җв Җв Җ
в Җв Җв Җв Җв Җв Җв Җв Җв Җв Җв Җв Җв Җв Җв Җв Җв Җв Җв Җв Җв Җв Җв Җв Җв Җв Җв Җв Җв Җв Җв Җв Җв Җв Җв Җв Җв Җв Җв Җв Җв Җв Җв Җв Җв Җв Җв Җв Җв Җв Җв Җв Җв Җв Җв Җв Җв үв үв үв үв Җв Җв Җв Җв Җв Җв Җв Җв Җв Җ
в Җв Җв Җв Җв Җв Җв Җв Җв Җв Җв Җв Җв Җв Җв Җв Җв Җв Җв Җв Җв Җв Җв Җв Җв Җв Җв Җв Җв Җв Җв Җв Җв Җв Җв Җв Җв Җв Җв Җв Җв Җв Җв Җв Җв Җв Җв Җв Җв Җв Җв Җв Җв Җв Җв Җв Җв Җв Җв Җв Җв Җв Җв Җв Җв Җв Җв Җв Җв Җв Җ
в Җв Җв Җв Җв Җв Җв Җв Җв Җв Җв Җв Җв Җв Җв Җв Җв Җв Җв Җв Җв Җв Җв Җв Җв Җв Җв Җв Җв Җв Җв Җв Җв Җв Җв Җв Җв Җв Җв Җв Җв Җв Җв Җв Җв Җв Җв Җв Җв Җв Җв Җв Җв Җв Җв Җв Җв Җв Җв Җв Җв Җв Җв Җв Җв Җв Җв Җв Җв Җв Җ
в Җв Җв Җв Җв Җв Җв Җв Җв Җв Җв Җв Җв Җв Җв Җв Җв Җв Җв Җв Җв Җв Җв Җв Җв Җв Җв Җв Җв Җв Җв Җв Җв Җв Җв Җв Җв Җв Җв Җв Җв Җв Җв Җв Җв Җв Җв Җв Җв Җв Җв Җв Җв Җв Җв Җв Җв Җв Җв Җв Җв Җв Җв Җв Җв Җв Җв Җв Җв Җв Җ

');
INSERT INTO ending (e_id, e_name, e_desc, e_img) VALUES ('e5', 'мҲҳм—…мӢңмһ‘', 'мҲҳм—…м—җ м„ұмӢӨнһҲ мһ„н•ҳм§Җ м•ҠмқҖ мҳҒк· мқҙлҠ” м„ мғқлӢҳм—җкІҢ нҳёлҗҳкІҢ нҳјлӮҳкі  л§җм•ҳлӢӨ', '

в Җв Җв Җв Җв Җв Җв Җв Җв Җв Җв Җв Җв Җв Җв Җв Җв Җв Җв Җв Җв Җв Җв Җв Җв Җв Җв Җв Җв Җв Җв Җв Җв Җв Җв Җв Җв Җв Җв Җв Җв Җв Җв Җв Җв Җв Җв Җв Җв Җв Җв Җв Җв Җв Җв Җв Җв Җв Җв Җв Җв Җв Җв Җв Җв Җв Җв Җв Җв Җв Җ
в Җв Җв Җв Җв Җв Җв Җв Җв Җв Җв Җв Җв Җв Җв Җв Җв Җв Җв Җв Җв Җв Җв Җв Җв Җв Җв Җв Җв Җв Җв Җв Җв Җв Җв Җв Җв Җв Җв Җв Җв Җв Җв Җв Җв Җв Җв Җв Җв Җв Җв Җв Җв Җв Җв Җв Җв Җв Җв Җв Җв Җв Җв Җв Җв Җв Җв Җв Җв Җв Җ
в Җв Җв Җв Җв Җв Җв Җв Җв Җв Җв Җв Җв Җв Җв Җв Җв Җв Җв Җв Җв Җв Җв Җв Җв Җв Җв Җв Җв Җв Җв Җв Җв Җв Җв Җв Җв Җв Җв Җв Җв Җв Җв Җв Җв Җв Җв Җв Җв Җв Җв Җв Җв Җв Җв Җв Җв Җв Җв Җв Җв Җв Җв Җв Җв Җв Җв Җв Җв Җв Җ
в Җв Җв Җв Җв Җв Җв җвЎ–в „в Җв Җв Җв Җв Җв Җв Җв Җв Җв Җв Җв Җв Җв Җв Җв Җв Җв Җв Җв Җв Җв Җв Җв Җв Җв Җв Җв Җв Җв Җв Җв ҖвўҖвЎӨвЈ„в јвЈ’в §вЈҰв Җв Җв Җв Җв Җв Җв Җв Җв Җв Җв Җв Җв Җв Җв Җв Җв Җв Җв Җв Җв Җв Җ
в Җв Җв Җв Җв  вЈ„вЎҖв “вЈ вЈҖв Җв Җв Җв Җв Җв Җв Җв Җв Җв Җв Җв Җв Җв Җв Җв Җв Җв Җв Җв Җв Җв Җв Җв Җв Җв Җв Җв Җв Җв ҖвЎ°вў«в ңвЈЎв һвўҒв –вЎ№в Җв Җв Җв Җв Җв Җв Җв Җв Җв Җв Җв Җв Җв Җв Җв Җв Җв Җв Җв Җв Җв Җ
в Җв Җв Җв Җв Җв §вўҖвЈ„в івЎҲв Ӯв Җв Җв Җв ҖвЎҖв Җв Җв Җв Җв Җв Җв Җв Җв Җв Җв Җв Җв Җв Җв Җв Җв Җв Җв Җв Җв ҖвўҖвЎӨв Ӣв Җв Җв җв ғвЎңвўҒв һв Ғв Җв Җв Җв Җв Җв Җв Җв Җв Җв Җв Җв Җв Җв Җв Җв Җв Җв Җв Җв Җв Җв Җ
в Җв Җв Җв °вЎ“в ҖвЎҳвўҶв ‘в ҖвўҖвЎӨв –в Ӣв үв үв үв ҷвўҰв Җв Җв Җв Җв Җв Җв Җв Җв Җв Җв Җв Җв Җв Җв Җв Җв ҖвЈҖв һв Җв Җв Җв Җв Җв ҖвЈӨв Ӣв Җв Җв Җв Җв Җв Җв Җв Җв Җв Җв Җв Җв Җв Җв Җв Җв Җв Җв Җв Җв Җв Җв Җв Җ
в Җв Җв Җв Җв ҷв ҖвЈҸв ғв Җвў в Ҹв Җв Җв Җв Җв Җв Җв Җв ҖвўівЎҖв Җв Җв Җв Җв Җв Җв Җв Җв Җв Җв Җв ҖвЈ в ҙв ҡв Ғв Җвў в Өв –в ’в ’в ҫв Ҙв Өв ӨвЈ„в Җв Җв Җв Җв Җв Җв Җв Җв Җв Җв Җв Җв Җв Җв Җв Җв Җв Җв Җв Җв Җв Җ
в Җв Җв Җв Җв Җв Җв Ҳв Ғв ҖвЎһв Җв Җв Җв Җв Җв Җв Җв Җв Җв Җвў§в Җв Җв Җв Җв Җв Җв Җв Җв ҖвЈӨв ңв Ҡв Ғв Җв Җв Җв ҖвўҖв ҖвЈҖвЈ„вЈ в Өв ҙв Өв –в ҡв Ғв Җв Җв Җв Җв Җв Җв Җв Җв Җв Җв Җв Җв Җв Җв Җв Җв Җв Җв Җв Җв Җ
в Җв Җв Җв Җв Җв Җв Җв Җв җвЎҮв Җв Җв Җв Җв Җв Җв Җв Җв Җв Җвўёв „в Җв Җв Җв Җв ҖвЈҖв ңв Ӣв Җв Җв Җв Җв ҖвЈҖвЎ°в –в үв үв Җв Җв Җв ҖвЎҖвЈҖвЈҖв Җв Җв Җв Җв Җв Җв Җв Җв Җв Җв Җв Җв Җв Җв Җв Җв Җв Җв Җв Җв Җв Җв Җ
в Җв Җв Җв Җв Җв Җв Җв Җв ҲвЎҮв Җв Җв Җв Җв Җв Җв Җв Җв Җв Җвўёв …в Җв Җв Җв ҖвЎҙв ғв Җв Җв Җв Җв ҖвЈ в –в үв Җв Җв Җв Җв ҖвЈ в –в Ӣв үв Җв Ҳв үв івЈ„в Җв Җв Җв Җв Җв Җв Җв Җв Җв Җв Җв Җв Җв Җв Җв Җв Җв Җв Җв Җ
в Җв Җв Җв Җв Җв Җв Җв Җв Җвў№в Җв Җв Җв Җв Җв Җв Җв Җв Җв ҖвўЁвЎғв Җв Җв ҖвЎңв Җв Җв ҖвЈҖвЎӨв ҙв Ӣв Ғв Җв Җв Җв Җв Җв ҖвЈ°в Ғв Җв Җв Җв Җв Җв Җв Җв ҳвЎҶв Җв Җв Җв Җв Җв Җв Җв Җв Җв Җв Җв Җв Җв Җв Җв Җв Җв Җв Җ
в Җв Җв Җв Җв Җв Җв Җв Җв Җв ҳвЎҶв Җв Җв Җв Җв Җв Җв Җв Җв Җвўёв Җв Җв Җв Җв №вЎ„в Җв Җв Җв Җв ҳвўҰвЈҖв Җв Җв Җв Җв Җв ҖвЎҮв Җв Җв Җв ҖвЎӨв Җв Җв Җв Җвў№в Җв Җв Җв Җв Җв Җв Җв Җв Җв Җв Җв Җв Җв Җв Җв Җв Җв Җв Җ
в Җв Җв Җв Җв Җв Җв Җв Җв Җв Җв №вЎ„в Җв Җв Җв Җв Җв ҖвўҖвЈҖвЈјв ӨвЎӨвЈҖвЎҖв Җв ҷвўҰв Җв Җв Җв Җв Җв Ҳв үв “в Івў„вЎҖвЈёв ‘вЎ„вЎҖв ҳвў’вЈҒв Җв Җв Җв Җвўёв Җв Җв Җв Җв Җв Җв Җв Җв Җв Җв Җв Җв Җв Җв Җв Җв Җв Җв Җ
в Җв Җв Җв Җв Җв Җв ҖвўҖвЈӨв Өв Ұв ҫв ’в Ів Ұв Җв Җв °в Ӣв Җв Җв Җв Җв Җв үв івЈ„в Җв ҷвўҰвЎҖв Җв Җв Җв Җв Җв Җв Җв ұвЎҮвўҖвЎјв Ғв җв Ӣв Җв Җв Җв Җв ҖвЈёв Җв Җв Җв Җв Җв Җв Җв Җв Җв Җв Җв Җв Җв Җв Җв Җв Җв Җв Җ
в Җв Җв Җв Җв Җвўҗв ”в Ӣв Җв Җв Җв Җв Җв Җв Җв Җв Җв Җв Җв Җв Җв Җв Җв Җв Җв Җв ҳвЎҶв Җв Җв ҲвўЈвЎҖв Җв Җв Җв Җв Җв ҖвЈҮв ҳв ’в Ӯв ‘вўҶв Җв Җв Җв ҖвўҖвЎһв Җв Җв Җв Җв Җв Җв Җв Җв Җв Җв Җв Җв Җв Җв Җв Җв Җв Җв Җ
в Җв Җв Җв Җвў в Ӣв Җв Җв Җв Җв Җв Җв Җв Җв Җв Җв Җв Җв Җв Җв Җв Җв Җв Җв ҖвЎҖв Җвў№вЎҖв Җв Җв Җв ҷвЈ„в Җв Җв Җв Җв Җвўұв  в һв ’вўҰвЎҲв Җв Җв ҖвЈ в һвЎҮв Җв Җв Җв Җв Җв Җв Җв Җв Җв Җв Җв Җв Җв Җв Җв Җв Җв Җв Җ
в Җв Җв Җв Җв ёвЎ…в Җв Җв Җв Җв Җв Җв Җв Җв Җв Җв Җв Җв Җв Җв ҖвЎҖв Җв Җв ҖвЈҮв Җв ҖвЎ§в Җв Җв Җв Җв ёвЎ„в Җв Җв Җв Җв ҲвЈҮв Җв Җв ҖвўҒвЈҖвЎҙв ҡв Ғв Җвў§в Җв Җв Җв Җв Җв Җв Җв Җв Җв Җв Җв Җв Җв Җв Җв Җв Җв Җв Җ
в Җв Җв Җв Җв ҖвЎҮв °вЎҖв Җв Җв Җв Җв Җв Җв Җв ҖвЈ№в ‘вЈҶв ҖвЎһв ұвЎ„в Җв Җв ёвЎ„в Җвўёв Җв Җв Җв Җв Җвў·в Җв Җв Җв Җв Җв ҳв Ұв ҙв Ӣв үв Җв Җв Җв Җв Җв ҲвўЈвЎҖв Җв Җв Җв Җв Җв Җв Җв Җв Җв Җв Җв Җв Җв Җв Җв Җв Җ
в Җв Җв Җв Җв ҖвўҜв Җвўів Җв Җв Җв Җв Җвў вЎӨвЎҖвўёвЎҖв ҲвўҰвЎҮв ҖвЎ§вўҖвЎҖв Җвўів Җв ёвЎ…в Җв Җв Җв ҖвўёвЎ„в Җв Җв Җв Җв Җв Җв Җв Җв Җв Җв Җв Җв Җв Җв Җв Җв ҷвўӨвЎҖв Җв Җв Җв Җв Җв Җв Җв Җв Җв Җв Җв Җв Җв Җв Җ
в Җв Җв Җв Җв ҖвўёвЎ„в Ҳвў§в Җв Җв Җв Җв Җвў§в ҳв ўвЈівЎҖв Ҳв ғв Җв ёв ғвўЈв Җв ҲвЈҮв җвЎҮв Җв Җв Җв Җв  вЎҮв Җв Җв Җв Җв Җв Җв Җв Җв Җв Җв Җв Җв Җв Җв Җв Җв Җв Җв ҷвўҰв Җв Җв Җв Җв Җв Җв Җв Җв Җв Җв Җв Җв Җв Җ
в Җв Җв Җв Җв Җв Җвў§в Җв ҲвўҰв Җв Җв Җв Җв Ҳв івЈҖв Ҳв “в Җв Җв Җв Җв Җвўёв Җв Җв ёвЎ„вЎҮв Җв Җв Җв Җвўёв Ғв Җв Җв Җв Җв Җв Җв Җв Җв Җв Җв Җв Җв Җв Җв Җв Җв Җв Җв Җв Җв івЎҖв Җв Җв Җв Җв Җв Җв Җв Җв Җв Җв Җв Җ
в Җв Җв Җв Җв Җв Җв ҳвЈҶв Җв ҲвўҶв Җв Җв Җв  вЎӨв ¬вЈўвЎ„в Җв Җв Җв Җв ҖвЎҸв Җв Җв Җвўів Јв Җв Җв Җв ҖвЈёв Җв Җв Җв Җв Җв Җв Җв Җв Җв Җв Җв Җв Җв Җв Җв Җв Җв Җв Җв Җв Җв Җв №вЎ„в Җв Җв Җв Җв Җв Җв Җв Җв Җв Җв Җ
в Җв Җв Җв Җв Җв Җв Җв ҳвЈҶв Җв ҳвЎҶв Җв Җв Җв “вўӨвЈ„вЎҖв Җв Җв ҖвЈ в ңв Ғв Җв Җв ҖвўёвЎҮв Җв Җв Җв ҖвЎҸв Җв Җв Җв Җв Җв Җв Җв Җв Җв Җв Җв Җв Җв Җв ҖвўҖв „в Җв Җв Җв Җв Җв Җвў№в Җв Җв Җв Җв Җв Җв Җв Җв Җв Җв Җ
в Җв Җв Җв Җв Җв Җв Җв Җв ёвЎ„в Җвў№вЎҖв Җв Җв Җв Җв Җв үв үв ҷв үв Ғв Җв Җв Җв Җв Җв ҖвЎҮв Җв Җв Җвў°в ғв Җв Җв Җв Җв Җв Җв Җв Җв Җв Җв Җв Җв Җв ҖвЈ в ғв Җв Җв Җв Җв Җв Җв ҖвЎқв Җв Җв Җв Җв Җв Җв Җв Җв Җв Җв Җ
в Җв Җв Җв Җв Җв Җв Җв Җв Җв ҳвЈҶв ҖвЈҮв Җв Җв Җв Җв Җв Җв Җв Җв Җв Җв Җв Җв Җв Җв Җв ҖвЎҮв Җв Җв Җвўёв Җв Җв Җв Җв Җв Җв Җв Җв Җв Җв Җв Җв Җв ҖвЎјв Ғв Җв Җв Җв Җв Җв Җв ҖвЎјв Ғв Җв Җв Җв Җв Җв Җв Җв Җв Җв Җв Җ
в Җв Җв Җв Җв Җв Җв Җв Җв Җв Җв Ҳв “вўәв Җв Җв Җв Җв Җв Җв Җв Җв Җв Җв Җв Җв Җв Җв Җв ҖвЎҮв Җв Җв ҖвЎҸв Җв Җв Җв Җв Җв Җв Җв Җв Җв Җв Җв ҖвўҖвЎңв Ғв Җв Җв Җв Җв Җв ҖвўҖвЎјв Ғв Җв Җв Җв Җв Җв Җв Җв Җв Җв Җв Җв Җ
в Җв Җв Җв Җв Җв Җв Җв Җв Җв Җв Җв Җв ҳвЎ…в Җв Җв Җв Җв Җв Җв Җв Җв Җв ҖвЎҙвў’вЈӢвЎӯв Қв ҷв ’в Ів ӨвўҜвЈҖвЈҖвЈҖв Җв Җв Җв Җв Җв Җв Җв ҖвўҖв һв Җв Җв Җв Җв Җв ҖвўҖвЎҙв Ӣв Җв Җв Җв Җв Җв Җв Җв Җв Җв Җв Җв Җв Җв Җ
в Җв Җв Җв Җв Җв Җв Җв Җв Җв Җв Җв Җвўёв Ғв Җв Җв Җв Җв Җв Җвў„в Җв Җв  вЈңвЈ«вЎҙвў’вЎҡв Җв Җв Җв Җв Җв Җв Җв үв үв үв ӣв ’в ’в Ів ўв –в Ӣв Җв Җв Җв Җв ҖвЈ в ”вЎ»в Җв Җв Җв Җв Җв Җв Җв Җв Җв Җв Җв Җв Җв Җв Җв Җ
в Җв Җв Җв Җв Җв Җв Җв Җв Җв Җв ҖвўҖвЎҸв Җв Җв Җв Җв Җв Җв Җв ҲвўівЎҖв Җв Җв ёв ”вў№вўЎв һв ҡв Ұвў„вЈҖв ҖвўҖв Җв Җв Җв Җв Җв Җв Җв Җв Җв Җв ҖвўҖвўҖвЎҰв ҡв ҒвўҖвЎҮв Җв Җв Җв Җв Җв Җв Җв Җв Җв Җв Җв Җв Җв Җв Җв Җ
в Җв Җв Җв Җв Җв Җв Җв Җв Җв Җв ҖвЎјв Җв Җв Җв Җв Җв Җв Җв Җв Җв ҖвЈ§в Җв Җв Җв Җв Ҳв үв ҳвЎҶв Җв  вЎҮв үв үв үв “в ҡв Өв Өв ҙв Өв ҙв Өв Өв ҙв Ҡв Ғв Җв Җв Җв җвЎ…в Җв Җв Җв Җв Җв Җв Җв Җв Җв Җв Җв Җв Җв Җв Җв Җ
в Җв Җв Җв Җв Җв Җв Җв Җв Җв ҖвЎ°в ғв Җв Җв Җв Җв Җв Җв Җв Җв Җв Җвўјв Җв Җв Җв Җв Җв Җв Җвў№в Җвўёв Җв Җв Җв Җв Җв Җв Җв Җв Җв Җв Җв Җв Җв Җв Җв Җв Җв Җв Җв Җв №вЎ„в Җв Җв Җв Җв Җв Җв Җв Җв Җв Җв Җв Җв Җв Җв Җ
в Җв Җв Җв Җв Җв Җв Җв Җв ҖвЎјв Ғв Җв Җв Җв Җв Җв Җв Җв Җв Җв Җвў в Үв Җв Җв Җв Җв Җв Җв Җвўёв ҖвЎјв Җв Җв Җв Җв Җв Җв Җв Җв Җв Җв Җв Җв Җв Җв Җв Җв Җв Җв Җв Җв Җвў№вЎҖв Җв Җв Җв Җв Җв Җв Җв Җв Җв Җв Җв Җв Җв Җ
в Җв Җв Җв Җв Җв Җв Җв ҖвЎјв Ғв Җв Җв Җв Җв Җв Җв Җв Җв Җв ҖвЈ вЎҸв Җв Җв Җв Җв Җв Җв Җв ҖвЎәв ҖвЎҮв Җв Җв Җв Җв Җв Җв Җв Җв Җв Җв Җв Җв Җв Җв Җв Җв Җв Җв Җв Җв Җв Җвўів Җв Җв Җв Җв Җв Җв Җв Җв Җв Җв Җв Җв Җв Җ
в Җв Җв Җв Җв Җв Җв ҖвЎһв Җв Җв Җв Җв Җв Җв Җв Җв Җв ҖвўҖвЎҙв Ғв №в Җв Җв Җв Җв Җв Җв Җвў°в ғвўҗв Үв Җв Җв Җв Җв Җв Җв Җв Җв Җв Җв Җв Җв Җв Җв Җв Җв Җв Җв Җв Җв Җв Җв ҳвЎҮв Җв Җв Җв Җв Җв Җв Җв Җв Җв Җв Җв Җв Җ

');
INSERT INTO ending (e_id, e_name, e_desc, e_img) VALUES ('e6', 'GCм—җкІҢ мҲҳкұ°лҗң мҳҒк· ', 'м§‘м—җм„ң нӮӨмҡ°лҠ” л°ҳл Ө лЎңлҙҮ мІӯмҶҢкё°мқҳ л°°мӢ ', '

в Җв Җв Җв Җв Җв Җв Җв Җв Җв Җв Җв Җв Җв Җв Җв Җв Җв Җв Җв Җв Җв Җв Җв Җв Җв Җв Җв Җв Җв Җв Җв Җв Җв Җв Җв Җв Җв Җв Җв Җв Җв Җв Җв Җв Җв Җв Җв Җв Җв Җв Җв Җв Җв Җв Җв Җв Җв Җв Җв Җв Җв Җв Җв Җв Җв Җв Җв Җв Җв Җ
в Җв Җв Җв Җв Җв Җв Җв Җв Җв Җв Җв Җв Җв Җв Җв Җв Җв Җв Җв Җв Җв Җв Җв Җв Җв Җв Җв Җв Җв Җв Җв Җв Җв Җв Җв Җв Җв Җв Җв Җв Җв Җв Җв Җв Җв Җв Җв Җв Җв Җв Җв Җв Җв Җв Җв Җв Җв Җв Җв Җв Җв Җв Җв Җв Җв Җв Җв Җв Җв Җ
в Җв Җв Җв Җв Җв Җв Җв Җв Җв Җв Җв Җв Җв Җв Җв Җв Җв Җв Җв Җв Җв Җв Җв Җв Җв Җв Җв Җв Җв Җв Җв Җв Җв Җв Җв Җв Җв Җв Җв Җв Җв Җв Җв Җв Җв Җв Җв Җв Җв Җв Җв Җв Җв Җв Җв Җв Җв Җв Җв Җв Җв Җв Җв Җв Җв Җв Җв Җв Җв Җ
в Җв Җв Җв Җв Җв Җв Җв Җв Җв Җв Җв Җв Җв Җв Җв Җв Җв Җв Җв Җв Җв Җв Җв Җв Җв Җв Җв Җв Җв Җв Җв Җв Җв Җв Җв Җв Җв Җв Җв Җв Җв Җв Җв Җв Җв Җв Җв Җв Җв Җв Җв Җв Җв Җв Җв Җв Җв Җв Җв Җв Җв Җв Җв Җв Җв Җв Җв Җв Җв Җ
в Җв Җв Җв Җв Җв Җв Җв Җв Җв Җв Җв Җв Җв Җв Җв Җв Җв Җв Җв Җв Җв Җв Җв Җв Җв Җв Җв Җв Җв Җв Җв Җв Җв Җв Җв Җв Җв Җв Җв Җв Җв Җв Җв Җв Җв Җв Җв Җв Җв Җв Җв Җв Җв Җв Җв Җв Җв Җв Җв Җв Җв Җв Җв Җв Җв Җв Җв Җв Җв Җ
в Җв Җв Җв Җв Җв Җв Җв Җв Җв Җв Җв Җв Җв Җв Җв Җв Җв Җв Җв Җв Җв Җв Җв Җв Җв Җв Җв Җв Җв Җв Җв Җв Җв Җв Җв Җв Җв Җв Җв Җв Җв Җв Җв Җв Җв Җв Җв Җв Җв Җв Җв Җв Җв Җв Җв Җв Җв Җв Җв Җв Җв Җв Җв Җв Җв Җв Җв Җв Җв Җ
в Җв Җв Җв Җв Җв Җв Җв Җв Җв Җв Җв Җв Җв Җв Җв Җв Җв Җв Җв Җв Җв Җв Җв Җв Җв Җв Җв Җв Җв Җв ҖвўҖв Җв Җв Җв Җв Җв Җв Җв Җв Җв Җв Җв Җв Җв Җв Җв Җв Җв Җв Җв Җв Җв Җв Җв Җв Җв Җв Җв Җв Җв Җв Җв Җв Җв Җв Җв Җв Җв Җ
в Җв Җв Җв Җв Җв Җв Җвў в ңв Җв ҖвЈҖв Җв Җв Җв Җв Җв Җв Җв Җв ҖвЎҖвЈҖвЈ„в Өв Ұв –в ’в “в Ӣв үв үв үв үв үв үв үв ҷв “в ҡв ’в Ұв ӨвўӨвЈҖвЈҖв Җв Җв Җв Җв Җв Җв Җв Җв Җв Җв Җв Җв Җв Җв Җв Җв Җв Җв Җв Җв Җв Җв Җв Җ
в Җв Җв Җв Җв ҖвўҖвЎҙв ғв ҖвЈ в һв Ғв Җв Җв Җв ҖвўҖвЈ в ҙв ҡв Ҡв үв Җв Җв Җв Җв Җв Җв Җв Җв Җв Җв Җв Җв Җв Җв Җв Җв Җв Җв Җв Җв Җв Җв Җв Ҳв үв ‘в Ів ӨвЈҖвЎҖв Җв Җв Җв Җв Җв Җв Җв Җв Җв Җв Җв Җв Җв Җв Җв Җв Җв Җ
в Җв Җв Җв ҖвўҖв Һв ҖвўҖвЎһв Ғв Җв Җв ҖвўҖвЎ в —в үв Җв Җв Җв Җв Җв Җв Җв Җв Җв Җв Җв Җв Җв Җв Җв Җв Җв Җв Җв Җв Җв Җв Җв Җв Җв Җв Җв Җв Җв Җв Җв Җв Җв Җв үв ІвўӨвЎҖв Җв Җв Җв Җв Җв Җв Җв Җв Җв Җв Җв Җв Җв Җв Җ
в Җв Җв Җв Җв ңв ҖвўҖвЎҸв Җв Җв ҖвўҖвЈ в Ӣв Җв Җв Җв Җв Җв Җв Җв Җв Җв Җв Җв Җв Җв Җв Җв ҖвўҖвЈ в Өв Ұв Ұв Ұв ӨвЈӨвЎҖв Җв Җв Җв Җв Җв Җв Җв Җв Җв Җв Җв Җв Җв Җв Җв Ҳв івЈ„в Җв Җв Җв Җв Җв Җв Җв Җв Җв Җв Җв Җв Җ
в Җв Җв Җв Җв Җв Җв ҳв Җв Җв ҖвЈ°в Ҡв Җв Җв Җв Җв Җв Җв Җв Җв Җв Җв Җв Җв Җв Җв Җв Җв ҖвЎҙв ӢвЎӨв ҶвЎҖв ҖвЎ–в ’в Җв Ҳв ҷвЈӨвЎҖв Җв Җв Җв Җв Җв Җв Җв Җв Җв Җв Җв Җв Җв Җв Ҳв івў„в Җв Җв Җв Җв Җв Җв Җв Җв Җв Җв Җ
в Җв Җв Җв Җв Җв Җв Җв Җв ҖвЈ°в ғв Җв Җв Җв Җв Җв Җв Җв Җв Җв Җв Җв Җв Җв Җв Җв Җвў вўҫвўҮв ҳв Өв ӯвЈҮв Җв ів Өв ”в Җв ҖвЈёвЎҷвўҶв Җв Җв Җв Җв Җв Җв Җв Җв Җв Җв Җв Җв Җв Җв Җв ҲвўЈвЎҖв Җв Җв Җв Җв Җв Җв Җв Җв Җ
в Җв Җв Җв Җв Җв Җв Җв Җвў вЎҮв Җв Җв Җв Җв Җв Җв Җв Җв Җв Җв Җв Җв Җв Җв Җв Җв ҖвЈҸвўёвЈ®вЎівўӨвЈҖвЈҲвЎҖвЈҖвЈҖвЈ в ӨвўһвЈҪвЎҮвЈёв Җв Җв Җв Җв Җв Җв Җв Җв Җв Җв Җв Җв Җв Җв Җв Җв ҖвўЈв Җв Җв Җв ҖвЈҮв Җв Җв Җв Җ
в Җв Җв Җв Җв Җв Җв Җв Җвўёв Җв Җв Җв Җв Җв Җв Җв Җв Җв Җв Җв Җв Җв Җв Җв Җв Җв Җв ҳв ҰвЎ№вўҝвЈ·вЈ¶вЈҘвЈӯвЈ¬вЈӨвЈҙвЈҫвЈҝв ҹвЎұв ғв Җв Җв Җв Җв Җв Җв Җв Җв Җв Җв Җв Җв Җв Җв Җв Җв Җв ҲвЎҮв Җв Җв Җвўёв Җв Җв Җв Җ
в Җв Җв Җв Җв Җв Җв Җв Җвў»в Җв Җв Җв Җв Җв Җв Җв Җв Җв Җв Җв Җв Җв Җв Җв Җв Җв Җв Җв Җв Ҳв “в ¬вЈҚвЈӣвЈӣвЎӣвЈӣвЈӣвЎ©в ҙв Ҡв Ғв Җв Җв Җв Җв Җв Җв Җв Җв Җв Җв Җв Җв Җв Җв Җв Җв Җв Җв ҖвЈҜв Җв Җв Җв ҳвЎ„в Җв Җв Җ
в Җв Җв Җв Җв Җв Җв Җв Җвў№вЎҮв Җв Җв Җв Җв Җв Җв Җв Җв ҖвўҖвЎҙв ’в ҡв Ів „в Җв Җв Җв Җв Җв Җв Җв Җв Җв Җв Ҳв Җв Җв Җв Җв Җв Җв Җв Җв Җв Җв Җв Җв Җв Җв Җв Җв ҖвўҖвЎҙвўӨв Җв Җв Җв Җвў°вЎҜв Җв Җв Җв Җв Үв Җв Җв Җ
в Җв Җв Җв Җв Җв Җв Җв ҖвўёвЎҳвЈ„в Җв Җв Җв Җв Җв Җв Җв ҖвЎјв Җв Җв Җв Җв Җв Җв Җв Җв Җв Җв Җв Җв Җв Җв Җв Җв ҖвЎҖв Җв Җв Җв Җв Җв Җв Җв Җв ҖвўҖвЎӨв ҰвЈ„в Җв Җвўјв ”в ӢвЈ в һв ҖвЈ в ҸвЎ—в Җв Җв Җв Җв Җв Җв Җв Җ
в Җв Җв Җв Җв Җв Җв Җв Җв ҖвЎҮв Ҳвў¶вЎҖв Җв Җв Җв Җв Җв Җвўів Җв °в ӨвЎҰв „в Җв ҖвЎҖв Җв Җв Җв ҖвЎҖв Җв Җв Җв ҖвЎҮв Җв Җв Җв Җв Җв Җв Җв Җв Җв ёвЈ„в ҙв ӣвЎ„вЈҖвЎҳв Ұв ңв Ғвў вЎҙв Ғв ҖвЎҮв Җв Җв Җв Җв Җв Җв Җв Җ
в Җв Җв Җв Җв Җв Җв Җв Җв Җвўів Җв Җв ҷвўҰвЎҖв Җв Җв Җв Җв ҳв ’в Івў¬в ғв Җв ҖвЎ–в үвўівЎҖв Җв Җвў§вЎ в ҡв Җв ҖвЎҮвЈ в ӨвЈӨв ҖвЎҙв ӢвЈІвўӨвЈҖв Җв ҖвЎ–вў«в Ӣв Җв Җв ҖвЈ в ”в Ӣв Җв Җвў°в ғв Җв Җв Җв Җв Җв Җв Җв Җ
в Җв Җв Җв Җв Җв Җв Җв Җв Җв ҳвЎҶв Җв Җв Җв үв ІвЈ„вЎҖв Җв Җв Җв Җв ёв Җв Җв Ҳв §в Өв һв ҷв Ұв Җвўёв Ғв Җв Җв Җвўјв ҒвЈ в Үв Җв §вЎӨв ғв Җв Ҳв Ғв Җв үв ҒвўҖвЈҖв ҙвўҠвЈҘв Җв Җв Җв ҖвЈёв Ғв Җв Җв Җв Җв Җв Җв Җв Җ
в Җв ҖвўӮвЎ¶вЈ¶вЈ¶вЈ·вЈҫвЈҫвЈ¶вЈҝвЎ„в Җв Җв Җв Җв Җв ҷв ІвўӨвЎҖв Җв Җв Җв Җв Җв Җв Җв Җв Җв Җв Җв Ҳв Җв Җв Җв Җв ҷв Ҡв Ғв Җв Җв Җв Җв Җв Җв ҖвЎҖвЈҖвЎҙвў–вЎ«в •в ҡв ҒвЈёв Җв Җв ҖвЈ°в ғв Җв Җв Җв Җв Җв Җв Җв Җв Җ
в Җв Җв Җв Җв Җв Җв Җв Җв Җв Җв Җв ҳвўҰвЎҖв Җв Җв Җв Җв Җв Җв Ҳв ҷв ҡв ’в ўв ҙвЈ„вЈҖвЎҖвўҖв Җв Җв Җв Җв Җв Җв Җв ҖвўҖв ҖвўҖвўҖвЈ„вЎ в ҰвЈңвЈ’в ӯв –в Ҡв Ғв Җв Җв Җв ҖвўёвЎҖвўҖвЎңв Ғв Җв Җв Җв Җв Җв Җв Җв Җв Җв Җ
в Җв Җв Җв Җв Җв Җв Җв Җв Җв Җв Җв Җв ҖвўұвЈҰвЎҖв Җв Җв Җв Җв Җв Җв Җв Җв Җв Җв Җв Җв Ҳв үв үв үв үв үв үвЈүвЈүвЈүвЈүв ӯв ӯв ‘в ’в үвЈүвЈҖвЈӨвЈҙвЈ¶вЈҝвЎҶв ҖвЎҖвЈ в ”вўӢвЎҙв Ӣв Җв Җв Җв Җв Җв Җв Җв Җв Җв Җв Җв Җ
в Җв Җв Җв Җв Җв Җв Җв Җв Җв Җв Җв Җв Җв җвЈҝвЎүв Івў„вЎҖв Җв Җв Җв Җв Җв Җв Җв Җв Җв Җв Җв Җв Җв Җв Җв Җв ёвЎ„в Җв Җв Җв Җв Җв Җв ҖвўҝвЈҝвЎҝв ҝвўӣвЈӢв Ҙв ҡвўүвЈ в –в үв Җв Җв Җв Җв Җв Җв Җв Җв Җв Җв Җв Җв Җв Җ
в Җв Җв Җв Җв Җв Җв Җв Җв Җв Җв Җв Җв Җв ҖвўҝвЈҮв Җв Җв үв “в Ұвў„вЈҖв Җв Җв Җв Җв Җв Җв Җв Җв Җв Җв Җв Җв Җвўів ҖвЎҖвўҖв ҖвЈҖвЈ вЎ в ҙв ”в ’в ҠвўүвўҖвЎӨв –в Ӣв Җв Җв Җв Җв Җв Җв Җв Җв Җв Җв Җв Җв Җв Җв Җв Җв Җ
в Җв Җв Җв Җв Җв Җв Җв Җв Җв Җв Җв Җв Җв Җв ҳвў№в Җв Җв Җв Җв Җв Җв Ҳв үв ’в ҰвЈ„вЈҖвЎҖв Җв Җв Җв Җв Җв Җв Җв Ҳв үв үв үв үв ҒвўҖвЈҖвЎӨв Өв Ұв ’в Ӣв Ғв Җв Җв Җв Җв Җв Җв Җв Җв Җв Җв Җв Җв Җв Җв Җв Җв Җв Җв Җв Җ
в Җв Җв Җв Җв Җв Җв Җв Җв Җв Җв Җв Җв Җв Җв Җв Җв Җв Җв Җв Җв Җв Җв Җв Җв Җв Җв Җв Җв үв үв үв Ӣв ’в ’в ’в ’в ’в ’в ’в ’в Ӣв үв үв Җв Җв Җв Җв Җв Җв Җв Җв Җв Җв Җв Җв Җв Җв Җв Җв Җв Җв Җв Җв Җв Җв Җв Җв Җв Җв Җ
в Җв Җв Җв Җв Җв Җв Җв Җв Җв Җв Җв Җв Җв Җв Җв Җв Җв Җв Җв Җв Җв Җв Җв Җв Җв Җв Җв Җв Җв Җв Җв Җв Җв Җв Җв Җв Җв Җв Җв Җв Җв Җв Җв Җв Җв Җв Җв Җв Җв Җв Җв Җв Җв Җв Җв Җв Җв Җв Җв Җв Җв Җв Җв Җв Җв Җв Җв Җв Җв Җ
в Җв Җв Җв Җв Җв Җв Җв Җв Җв Җв Җв Җв Җв Җв Җв Җв Җв Җв Җв Җв Җв Җв Җв Җв Җв Җв Җв Җв Җв Җв Җв Җв Җв Җв Җв Җв Җв Җв Җв Җв Җв Җв Җв Җв Җв Җв Җв Җв Җв Җв Җв Җв Җв Җв Җв Җв Җв Җв Җв Җв Җв Җв Җв Җв Җв Җв Җв Җв Җв Җ
в Җв Җв Җв Җв Җв Җв Җв Җв Җв Җв Җв Җв Җв Җв Җв Җв Җв Җв Җв Җв Җв Җв Җв Җв Җв Җв Җв Җв Җв Җв Җв Җв Җв Җв Җв Җв Җв Җв Җв Җв Җв Җв Җв Җв Җв Җв Җв Җв Җв Җв Җв Җв Җв Җв Җв Җв Җв Җв Җв Җв Җв Җв Җв Җв Җв Җв Җв Җв Җв Җ
в Җв Җв Җв Җв Җв Җв Җв Җв Җв Җв Җв Җв Җв Җв Җв Җв Җв Җв Җв Җв Җв Җв Җв Җв Җв Җв Җв Җв Җв Җв Җв Җв Җв Җв Җв Җв Җв Җв Җв Җв Җв Җв Җв Җв Җв Җв Җв Җв Җв Җв Җв Җв Җв Җв Җв Җв Җв Җв Җв Җв Җв Җв Җв Җв Җв Җв Җв Җв Җв Җ
в Җв Җв Җв Җв Җв Җв Җв Җв Җв Җв Җв Җв Җв Җв Җв Җв Җв Җв Җв Җв Җв Җв Җв Җв Җв Җв Җв Җв Җв Җв Җв Җв Җв Җв Җв Җв Җв Җв Җв Җв Җв Җв Җв Җв Җв Җв Җв Җв Җв Җв Җв Җв Җв Җв Җв Җв Җв Җв Җв Җв Җв Җв Җв Җв Җв Җв Җв Җв Җв Җ
в Җв Җв Җв Җв Җв Җв Җв Җв Җв Җв Җв Җв Җв Җв Җв Җв Җв Җв Җв Җв Җв Җв Җв Җв Җв Җв Җв Җв Җв Җв Җв Җв Җв Җв Җв Җв Җв Җв Җв Җв Җв Җв Җв Җв Җв Җв Җв Җв Җв Җв Җв Җв Җв Җв Җв Җв Җв Җв Җв Җв Җв Җв Җв Җв Җв Җв Җв Җв Җв Җ
в Җв Җв Җв Җв Җв Җв Җв Җв Җв Җв Җв Җв Җв Җв Җв Җв Җв Җв Җв Җв Җв Җв Җв Җв Җв Җв Җв Җв Җв Җв Җв Җв Җв Җв Җв Җв Җв Җв Җв Җв Җв Җв Җв Җв Җв Җв Җв Җв Җв Җв Җв Җв Җв Җв Җв Җв Җв Җв Җв Җв Җв Җв Җв Җв Җв Җв Җв Җв Җв Җ

');
INSERT INTO ending (e_id, e_name, e_desc, e_img) VALUES ('e7', 'мӮҙл ӨмӨҳ мҳҒк· м•„', 'нҳ„мӢӨм„ёкі„м—җм„ңлҸ„ нҳңм§„мқҙ ліҙмқҙм§Җк°Җ м•ҠлҠ”лӢӨ. м•„л¬ҙлһҳлҸ„вҖҰ.', '
в Җв Җв Җв Җв Җв Җв Җв Җв Җв Җв Җв Җв Җв Җв Җв Җв Җв Җв Җв Җв Җв Җв Җв Җв Җв Җв Җв Җв Җв Җв Җв Җв Җв Җв Җв Җв Җв Җв Җв Җв Җв Җв Җв Җв Җв Җв Җв Җв Җв Җв Җв Җв Җв Җв Җв Җв Җв Җв Җв Җв Җв Җв Җв Җв Җв Җв Җв Җв Җв Җ
в Җв Җв Җв Җв Җв ҖвўҖв ¶в ’в ’в ’в ’в ’в ’в ’в ’в ’в ’в ’в ’в ’в ’в ’в ’в ’в ’в ’в ’в ’в ’в ’в ’в ’в ’в ’в ’в ’в ’в ’в ’в ’в ’в ’в ’в ’в ’в ’в ’в ’в ’в ’в ’в ’в ’в ’в ’вўҰвЎҖв Җв Җв Җв Җв Җв Җв Җв Җв Җв Җв Җв Җ
в Җв Җв Җв Җв Җв ҖвЎһв Җв ҖвЈҖвЈҖвЈҖвЈҖвЈҖвЈҖвЈҖвЈҖвЈ„вЈҖвЈҖвЈҖвЈҖвЈҖвЈҖвЈҖвЈҖвЈҖвЈҖвЈҖвЈҖвЈҖвЈҖвЈ„вЈҖвЈҖвЈҖвЈҖвЈҖвЈ„вЈҖвЈҖвЈҖвЈҖвЈҖвЈҖвЈҖвЈҖвЈҖвЈҖвЈҖвЈҖвЈҖвЈҖвЈҖвЈ„в Җв Җвўів Җв Җв Җв Җв Җв Җв Җв Җв Җв Җв Җв Җ
в Җв Җв Җв Җв Җв ҖвЎҮв Җв ҖвЎӯв Җв Җв Җв Җв Җв Җв Җв Җв Җв Җв Җв Җв Җв Җв Җв Җв Җв Җв Җв Җв Җв Җв Җв Җв Җв Җв Җв Җв Җв Җв Җв Җв Җв Җв Җв Җв Җв Җв Җв Җв Җв Җв Җв Җвўәв Җв Җвўёв Җв Җв Җв Җв Җв Җв Җв Җв Җв Җв Җв Җ
в Җв Җв Җв Җв Җв ҖвЎҮв Җв ҖвЈҺв Җв Җв Җв Җв Җв Җв Җв Җв Җв Җв Җв Җв Җв Җв Җв Җв Җв Җв Җв Җв Җв Җв Җв Җв Җв Җв Җв Җв Җв Җв Җв Җв Җв Җв Җв Җв Җв Җв Җв Җв Җв Җв Җв ҖвЈ№в Җв Җвўёв Җв Җв Җв Җв Җв Җв Җв Җв Җв Җв Җв Җ
в Җв Җв Җв Җв Җв ҖвЎҮв Җв ҖвўҺв Җв Җв Җв Җв Җв Җв Җв Җв Җв Җв Җв Җв Җв Җв Җв Җв Җв Җв Җв Җв Җв Җв Җв Җв Җв Җв Җв Җв Җв Җв Җв Җв Җв Җв Җв Җв Җв Җв Җв Җв Җв Җв Җв Җвўјв Җв Җвўёв Җв Җв Җв Җв Җв Җв Җв Җв Җв Җв Җв Җ
в Җв Җв Җв Җв Җв ҖвЎҮв Җв ҖвЎЈв Җв ҖвўҖвЈӨвЎҖв Җв Җв Җв ҖвЈ°вЈ·в Җв Җв Җв Җв Җв Җв Җв Җв Җв Җв Җв Җв ҖвўёвЈҝв Үв Җв Җв Җв Җв Җв ҖвЈ¶вЈҰвЈҙвЈ¶вЈ·вЈҰвЈ„в Җв Җв Җв Җвўәв Җв Җвўёв Җв Җв Җв Җв Җв Җв Җв Җв Җв Җв Җв Җ
в Җв Җв Җв Җв Җв ҖвЎҮв Җв ҖвЎ•в Җв ҖвўёвЈҝвЎғв Җв Җв Җв ҖвЈјвЈҝв Җв Җв Җв Җв Җв Җв Җв Җв Җв Җв Җв Җв ҖвўёвЈҝвЎҖв Җв Җв Җв Җв Җв ҖвЈ№вЈҝв ҹв Ӣв үв №вЈҝвЈ§в Җв Җв ҖвЈ№в Җв Җвўёв Җв Җв Җв Җв Җв Җв Җв Җв Җв Җв Җв Җ
в Җв Җв Җв Җв Җв ҖвЎҮв Җв ҖвўҺв Җв ҖвЈёвЈҝв Ӯв Җв Җв Җв ҖвўәвЈҝв Җв Җв Җв Җв Җв ҖвЈҖвЈҖвЎҖв Җв Җв Җв Җв ёвЈҝвЎҮв Җв Җв Җв Җв Җв ҖвўёвЈҝв Җв Җв Җв ҖвЈҝвЈҝв Җв Җв Җвўјв Җв Җвўёв Җв Җв Җв Җв Җв Җв Җв Җв Җв Җв Җв Җ
в Җв Җв Җв Җв Җв ҖвЎҮв Җв ҖвЎЈв Җв ҖвўёвЈҝвЎ…вЈ вЈӨвЈ¶вЈ¶вЈҫвЈҝвЎӮв Җв ҖвўҖвЈјвЎҫв ҹвўҝвЈҝвЎҮв Җв Җв Җв ҲвЈҝвЈҮв Җв Җв Җв Җв Җв ҖвўёвЈҝв Җв Җв ҖвўҖвЈҝвЈҝв Җв Җв Җвўәв Җв Җвўёв Җв Җв Җв Җв Җв Җв Җв Җв Җв Җв Җв Җ
в Җв Җв Җв Җв Җв ҖвЎҮв Җв ҖвЎ•в Җв ҖвўёвЈҝвЈҝвЎҝв ҹв Ӣв үвў№вЈҝвЎҮв Җв ҖвЈјвЈҝвЈӨвЈ¶вЈҝвЈҝвЎҮв Җв Җв Җв ҖвЈҝвЈҝв Җв Җв Җв Җв Җв Җв ҳвЈҝвЈ§вЈҙвЈҙвЈҝвЎҝв ғв Җв Җв ҖвЈ№в Җв Җвўёв Җв Җв Җв Җв Җв Җв Җв Җв Җв Җв Җв Җ
в Җв Җв Җв Җв Җв ҖвЎҮв Җв ҖвўҺв Җв Җв ҲвЈҝвЈ·в Җв Җв Җв Җв ҖвЈҝвЈ·в Җв ҖвЈҝвЈҝвЎҝв ҝв ӣв үв Җв Җв Җв Җв ҖвўёвЈҝвЎҶв Җв Җв Җв Җв Җв Җвў»вЎҹв ӣв Ӣв Ғв Җв Җв Җв Җв Җвўјв Җв Җвўёв Җв Җв Җв Җв Җв Җв Җв Җв Җв Җв Җв Җ
в Җв Җв Җв Җв Җв ҖвЎҮв Җв ҖвЎЈв Җв Җв Җвў»вЈҝвЎ„в Җв Җв Җв Җвў№вЈҝвЎҶв Җв №вЈҝвЈ§вЈӨвЈӨвЈҙвЈҫвЎ¶в Җв Җв Җв ҖвўҝвЈҝв Җв Җв Җв Җв Җв Җвў№вЈҝв Җв Җв Җв Җв Җв Җв Җв Җвўәв Җв Җвўёв Җв Җв Җв Җв Җв Җв Җв Җв Җв Җв Җв Җ
в Җв Җв Җв Җв Җв ҖвЎҮв Җв ҖвЎ•в Җв Җв Җв ҳвЈҝвЈ·в Җв Җв Җв Җв Ҳв »в ғв Җв Җв ӣв ҝв ҝв ӣв ӣв үв Җв Җв Җв Җв Җв Ҳв үв Җв Җв Җв Җв Җв Җв ҲвЈҝвЎ„в Җв Җв Җв Җв Җв Җв ҖвЈ№в Җв Җвўёв Җв Җв Җв Җв Җв Җв Җв Җв Җв Җв Җв Җ
в Җв Җв Җв Җв Җв ҖвЎҮв Җв ҖвўҺв Җв Җв Җв Җв Ҳв Ғв Җв Җв Җв Җв Җв Җв Җв Җв Җв Җв Җв Җв Җв Җв Җв Җв Җв Җв Җв Җв Җв Җв Җв Җв Җв Җв Җв Җв Җв үв Җв Җв Җв Җв Җв Җв Җв Җвўјв Җв Җвўёв Җв Җв Җв Җв Җв Җв Җв Җв Җв Җв Җв Җ
в Җв Җв Җв Җв Җв ҖвЎҮв Җв ҖвЎЈв Җв Җв Җв Җв Җв Җв Җв Җв Җв Җв Җв Җв Җв Җв Җв Җв Җв Җв Җв Җв Җв Җв Җв Җв Җв Җв Җв Җв Җв Җв Җв Җв Җв Җв Җв Җв Җв Җв Җв Җв Җв Җв Җв Җвўәв Җв Җвўёв Җв Җв Җв Җв Җв Җв Җв Җв Җв Җв Җв Җ
в Җв Җв Җв Җв Җв ҖвЎҮв Җв Җв ҷв ’в ’в ’в ’в ҡв ’в ’в “в ’в “в ’в “в ҡв ’в ҡв ’в “в ’в ’в ’в ҡв ’в ’в ’в ’в ’в ’в ’в ’в ’в ’в ’в ’в ’в ’в ’в “в ’в ’в ’в ’в ’в ’в ’в ӣв Җв Җвўёв Җв Җв Җв Җв Җв Җв Җв Җв Җв Җв Җв Җ
в Җв Җв Җв Җв Җв ҖвЈ§в ӨвЎӨвўӨв ӨвЎӨвўӨв ӨвЎӨвўӨв ӨвЎӨвўӨв ӨвЎӨвўӨв ӨвЎӨвўӨв ӨвЎӨвўӨв ӨвЎӨвўӨв ӨвЎӨвўӨв ӨвЎӨвўӨв ӨвЎӨвўӨв ӨвЎӨвўӨв ӨвЎӨвўӨв ӨвЎӨвўӨв ӨвЎӨвўӨв ӨвЎӨвўӨв ӨвЎӨвЈјв Җв Җв Җв Җв Җв Җв Җв Җв Җв Җв Җв Җ
в Җв Җв Җв Җв Җв ҖвЎҮв Җв Җв Җв Җв Җв Җв Җв Җв Җв Җв Җв Җв Җв Җв Җв Җв Җв Җв Җв Җв Җв Җв Җвў вЈ¶вЈ¶вЎ„в Җв Җв Җв Җв Җв Җв Җв Җв Җв Җв Җв Җв Җв Җв Җв Җв Җв Җв Җв Җв Җв Җв Җвўёв Җв Җв Җв Җв Җв Җв Җв Җв Җв Җв Җв Җ
в Җв Җв Җв Җв Җв Җвў§в Җв Җв Җв Җв Җв Җв Җв Җв Җв Җв Җв Җв Җв Җв Җв Җв Җв Җв Җв Җв Җв Җв Җв ҳв »в ҹв ғв Җв Җв Җв Җв Җв Җв Җв Җв Җв Җв Җв Җв Җв Җв Җв Җв Җв Җв Җв Җв Җв Җв ҖвЎјв Җв Җв Җв Җв Җв Җв Җв Җв Җв Җв Җв Җ
в Җв Җв Җв Җв Җв Җв Ҳв үв “в ’в ’в ’в ’в ’в ’в ’в ’в ’в ’в ’в ’в ’в ’в ’в ’в ’вўІв ’в ’в ’в ’в ’в ’в ’в ’в ’в ’вЎ–в ’в ’в ’в ’в ’в ’в ’в ’в ’в ’в ’в ’в ’в ’в ’в ’в ’в Ӣв үв Җв Җв Җв Җв Җв Җв Җв Җв Җв Җв Җв Җв Җ
в Җв Җв Җв Җв Җв Җв Җв Җв Җв Җв Җв Җв Җв Җв Җв Җв Җв Җв Җв Җв Җв Җв Җв Җв Җв Җвўёв Җв Җв Җв Җв Җв Җв Җв Җв Җв ҖвЎҮв Җв Җв Җв Җв Җв Җв Җв Җв Җв Җв Җв Җв Җв Җв Җв Җв Җв Җв Җв Җв Җв Җв Җв Җв Җв Җв Җв Җв Җв Җв Җв Җ
в Җв Җв Җв Җв Җв Җв Җв Җв Җв Җв Җв Җв Җв Җв Җв Җв Җв Җв Җв Җв Җв ҖвЈ в —в ҡв ’вў»в Җв Җв Җв Җв Җв Җв Җв Җв Җв ҖвЎ—в “в “в івЈ„в Җв Җв Җв Җв Җв Җв Җв Җв Җв Җв Җв Җв Җв Җв Җв Җв Җв Җв Җв Җв Җв Җв Җв Җв Җв Җв Җв Җ
в Җв Җв Җв Җв Җв Җв Җв Җв Җв Җв Җв Җв Җв Җв Җв Җв Җв Җв Җв ҖвўҖвЎҙв Ғв Җв Җв Җв ҳв “в Ів Ұв Өв Өв Ұв ҙв ҙв ’в ҡв ғв Җв Җв Җв ҲвўҰвЎҖв Җв Җв Җв Җв Җв Җв Җв Җв Җв Җв Җв Җв Җв Җв Җв Җв Җв Җв Җв Җв Җв Җв Җв Җв Җв Җ
в Җв Җв Җв Җв Җв Җв Җв Җв Җв Җв Җв Җв Җв Җв Җв Җв Җв Җв ҖвЎҙвўҸвўӨвЈ„вЈ„вЈ„вЈ вЈҖвЈҖвЈҖвЈҖвЈҖвЈҖвЈҖвЈҖвЈҖвЈҖвЈҖвЈ вЈҖвЈ„вЈӨвЎ вЎӨвЎ№вўҰв Җв Җв Җв Җв Җв Җв Җв Җв Җв Җв Җв Җв Җв Җв Җв Җв Җв Җв Җв Җв Җв Җв Җв Җв Җ
в Җв Җв Җв Җв Җв Җв Җв Җв Җв Җв Җв Җв Җв Җв Җв Җв Җв Җв Җвў—вЈҖвЈҖвЈҖвЈҖвЈҖвЈҖвЈҖвЈҖвЈҖвЈҖвЈҖвЈҖвЈҖвЈҖвЈҖвЈҖвЈҖвЈҖвЈҖвЈҖвЈҖвЈҖвЈҖвЈҖвЎәв Җв Җв Җв Җв Җв Җв Җв Җв Җв Җв Җв Җв Җв Җв Җв Җв Җв Җв Җв Җв Җв Җв Җв Җв Җ
в Җв Җв Җв Җв Җв Җв Җв Җв Җв Җв Җв Җв Җв Җв Җв Җв Җв Җв Җв Җв Җв Җв Җв Җв Җв Җв Җв Җв Җв Җв Җв Җв Җв Җв Җв Җв Җв Җв Җв Җв Җв Җв Җв Җв Җв Җв Җв Җв Җв Җв Җв Җв Җв Җв Җв Җв Җв Җв Җв Җв Җв Җв Җв Җв Җв Җв Җв Җв Җв Җ
в Җв Җв Җв Җв Җв Җв Җв Җв Җв ҖвЎ°вўІв –вў¶вЈ’в ¶в ¶вЎ’вў–вЎІвЈ’вЈ’вЈ’вЈ’вЈ’вў–вў¶вў’вЈ’вЎ’вЈІв ІвЈ’в ¶вў–вўІв ¶вў¶вЈ’вЎІвў–вЈ’вЈ’вЈ’вЈ’вЈ’вЈ’в ІвЈ„в Җв Җв Җв ҖвўҖвЈ в Өв ҙвЈ’в Ів ӨвЈҖв Җв Җв Җв Җв Җв Җв Җв Җв Җ
в Җв Җв Җв Җв Җв Җв Җв Җв Җвў°в ғвЈҡвЈ’вЈҡвЎҡвЈ’вЈ’вЎӣвЈҙвЈӨвўҸвЈҰвЈӨвЎҺвЈ§вЈҙвЎңвЈівЈӨвЈҮвЈ·вЈҙвўӣвЈҰвЈҫвўёв ¶вЈҡвў“вЈ’вўғв §вЈӨвЈјв ЎвЈӨвўҰвЈғв ҳвЎҶв Җв Җвў вўҸв Җв Җв Ҳв ҝвЎҮв ҖвЈҳвЈҶв Җв Җв Җв Җв Җв Җв Җв Җ
в Җв Җв Җв Җв Җв Җв Җв Җв ҖвЎҸвў°вЈ§вЈӨвЈӨвЎӣвЈ“вЈ’вўЈвЈ§вЈ”вЈҷвЈӨвЈӨвЈ»вЈӨвЈӨвЈҹвЈӨвЈӨвЈ»вўӨвЈңвЈёвЈӨвЈјвЎ®вЈӨвЈјвЈҳвЈ’вўҫв ёвЎӨв јв ёв ӨвўӨвЎҺв Җвўів Җв Җв ҲвЈҸвўЈвЈҖвЎӨв ҙв ҡв Ҡв Ғв ёвЎҶв Җв Җв Җв Җв Җв Җв Җ
в Җв Җв Җв Җв Җв Җв Җв ҖвўЁв ғвЈёвЈӮвЈІвЈӮвЈӣвЈ“вЎҡвЈҳвЈўвЎҠвЈ§вЈӨвўҝвЈӨвЈҮвЈ§вЈӨвЈ»вЈӨвЈјвЈ§вЈӨвЈңвЈ§вЈӨвўҮвЈ§вЈӨвўҹвЈ’вЈңв ҲвЈ§вўӯв ҘвЈӯвЈӨвЎјв Җв ёвЎҶв Җв Җв ҳвЎҺвўҰвЎҖв Җв Җв Җв Җв ҖвЈҮв Җв Җв Җв Җв Җв Җв Җ
в Җв Җв Җв Җв Җв Җв Җв ҖвЈәв  в §в Өв ҙв ёв ӨвЎӨв ҮвЈ§в Өв ҮвЈҮвЈҖвЈҖвЈҖвЈҖвЈҖвЈҖвЈҖвЈҖвЈҖвЈҖвЈҖвЈҖвЈ„вЈёвўёвЈҖвЈјвўёвЈ вЎёв Ҳв §в јв ҖвЈ§в ӨвЎјв Җв ҖвЈҮв Җв Җв Җв ҳвЈҶв ҷв ҰвЈ„вЈ в ҙв ҡвЎҮв Җв Җв Җв Җв Җв Җв Җ
в Җв Җв Җв Җв Җв Җв Җв ҖвЈҮв Җв Җв Җв Җв Җв Җв Җв Җв Җв Җв Җв Җв Җв Җв Җв Җв Җв Җв Җв Җв Җв Җв Җв Җв Җв Җв Җв Җв Җв Җв Җв Җв Җв Җв Җв Җв Җв Җв Җв Җв ҖвЈәв Җв Җв Җв Җв Ҳв “в ўв Өв Өв –в Ҡв Ғв Җв Җв Җв Җв Җв Җв Җ
в Җв Җв Җв Җв Җв Җв Җв ҖвўёвЈ„вЈҖвЈҖвЈҖвЈҖвЈҖвЈҖвЈҖвЈҖвЈҖвЈҖвЈҖвЈҖвЈҖвЈҖвЈҖвЈҖвЈҖвЈҖвЈҖвЈҖвЈҖвЈҖвЈҖвЈҖвЈҖвЈҖвЈҖвЈҖвЈҖвЈҖвЈҖвЈҖвЈҖвЈҖвЈҖвЈҖвЈҖвЈҖвЈҖвЈ в Үв Җв Җв Җв Җв Җв Җв Җв Җв Җв Җв Җв Җв Җв Җв Җв Җв Җв Җв Җ
в Җв Җв Җв Җв Җв Җв Җв Җв Җв Җв Җв Җв Җв Җв Җв Җв Җв Җв Җв Җв Җв Җв Җв Җв Җв Җв Җв Җв Җв Җв Җв Җв Җв Җв Җв Җв Җв Җв Җв Җв Җв Җв Җв Җв Җв Җв Җв Җв Җв Җв Җв Җв Җв Җв Җв Җв Җв Җв Җв Җв Җв Җв Җв Җв Җв Җв Җв Җв Җв Җ
');
INSERT INTO ending (e_id, e_name, e_desc, e_img) VALUES ('e8', 'м•„ Tlqkf кҝҲ', 'кҝҲмқём§Җ нҳ„мӢӨмқём§Җ лӘЁлҘј JVMм—җм„ң мғқмЎҙнҳ• н•ҷмҠөмқ„ л§Ҳм№ң мҳҒк· мқҙк°Җ мҠӨмҠӨлЎң мҪ”л”©мқ„ н•ҳкё° мӢңмһ‘н–ҲлӢӨ.', '
в Җв Җв Җв Җв Җв Җв Җв Җв Җв Җв Җв Җв Җв Җв Җв Җв Җв Җв Җв Җв Җв Җв ҖвЈӨв Җв Җв Җв Җв Җв ҖвўҖвЎҖвЈҖвЈӨвЈӨв „в Җв ҖвЈ„вЈ вЈҙвЎ¶в ҫв ҹвЎҒвЎҖвЎҖвўҖв Җв Җв Җв Җв Җв Җв Җв Җв Җв Җв Җв Җв Җв Җв Җв Җв Җв Җв Җв Җв Җв Җ
в Җв Җв Җв Җв Җв Җв Җв ҖвўҖвЈ в „в Җв Җв ҖвЈ°вЎ–в Җв Җв Җв Җв Җв ҖвўҫвЈҮв Җв Җв Җв јв ҝв ҝв ӣвЈҝв Ҹв үв Ғв Җв ҖвЈ»вЈҸв ӯв ’в Ҡв үв үв үв үв үв үв үв “в ўвўӨвЎҖв Җв Җв Җв Җв Җв Җв Җв Җв Җв Җв Җв Җв Җв Җв Җв Җв Җ
в Җв Җв ҖвЈ вЈ¶вЎ¶в ¶в ҹв ӣв Ғв Җв Җв Җв ҖвЈҝвЎҮв Җв Җв Җв Җв Җв Җвў»вЈҝв Җв Җв ҖвЈ в Өв ’в ҡвЈҝвЈҖвЈҖв ҖвЈ в ”вЈҝвЎҮвЈҖвЈ вЈӨвЈҙв ¶в ҹв Ғв Җв Җв Җв Җв Җв Җв Ҳв ҷв ІвўӨвЈҖв Җв Җв Җв Җв Җв Җв Җв Җв Җв Җв Җв Җв Җ
в Җв Җв ҖвЈҫвЎҮв Җв Җв Җв Җв Җв Җв Җв Җв ҖвўҝвЈ·в Җв Җв Җв Җв Җв Җв ҳвЈҝвЎ§в –в Ӣв Җв Җв ҖвўҲвЈҝвЎӨв үв үв Ғв ҖвЈҝвЎҹв ӣв үв Ғв Җв Җв Җв Җв Җв Җв Җв Җв Җв Җв Җв Җв Җв Җв Ҳв ҷв ҰвЈ„в Җв Җв Җв Җв Җв Җв Җв Җв Җв Җ
в Җв Җв ҖвЈҝвЎ—в Җв Җв Җв ҖвўҖвўҖвЎҖв Җв ҖвўёвЈҝв Җв Җв Җв Җв Җв ҖвЎӨвў»вЈҝв Җв Җв Җв Җвў в ”вЈҝвЎҮв Җв Җв Җв ҖвЈҝвЎ§в Җв Җв ҖвЈ вЈ вЎӨв Җв Җв Җв Җв Җв Җв Җв Җв Җв Җв Җв Җв Җв Җв Ҳв івЎ„в Җв Җв Җв Җв Җв Җв Җв Җ
в Җв Җв Җвў№вЈҜвЈӨвЈҙв ҫв ҫв ҹв Ӣв Җв Җв Җв ёвЈҝвЎҮв Җв Җв ҖвўҖвЎһв Ғв ҳвЈҝвЎҮв ҖвўҖв ҙв Ғв ҖвўҝвЎҜв Җв Җв Җв ҖвўәвЈҝвЈӨв ҫв ӣв үв үв Җв Җв Җв Җв Җв Җв Җв Җв Җв Җв Җв Җв Җв Җв Җв Җв Җв ёвЎ„в Җв Җв Җв Җв Җв Җв Җ
в Җв Җв ҖвўёвЈҝвЎҒв Җв Җв Җв Җв Җв Җв Җв Җв ҖвЈҝвЎҮв ҖвЈҖвЈӨвЎҫв ҫв ғв Җв ӣв Ғв җв ҒвўҖвЎӨв Ұв ҡв ’вЎ’в ‘в ’в ’в ®вўҚвЈҖв Җв Җв Җв Җв Җв Җв Җв Җв Җв Җв Җв Җв Җв Җв Җв Җв Җв Җв Җв Җв Җв ҖвЈҮв Җв Җв Җв Җв Җв Җв Җ
в Җв Җв Җв ҳвЈҝвЎҮвўҖвЈӨвЈҙвЎ¶в Ӯв Җв Җв Җв Җв »вўҝв ҹв Ӣв үвЎүв івЎ„в Җв Җв ҖвЈ в һв ҒвЈҖвЎҙв –вЈ©в Ҙв ҡв үвЈҖвЎӨв ҙв Ҡв ‘вўҶвЎҖв Җв Җв Җв Җв Җв Җв Җв Җв Җв Җв Җв Җв Җв Җв Җв Җв Җв Җв Җвў№в Җв Җв Җв Җв Җв Җв Җ
в Җв Җв Җв ҖвЈҝв —в Ӣв үв Җв Җв Җв Җв Җв Җв Җвў вЎҸв ІвЈ„в Җв ҷвЈ„в ҷвўҶвўҖв һв ҒвЈ вўһвЎЎв ”в үвЈҖвЈҖвЈ”вЈӢвЈҒв Җв Җв Җв Җв Ҳв івЎ„в Җв Җв Җв Җв Җв Җв Җв Җв Җв Җв Җв Җв Җв Җв Җв Җв Җв Җв ҲвЈҮв Җв Җв Җв Җв Җв Җ
в Җв Җв Җв Җв Җв Җв Җв Җв Җв Җв Җв Җв Җв Җв ҖвЈјв Җв Җв Җвўұв –в Ҡв Ұв ¬вЈқвЎҖвЎңв Ғв Ҳв үв Ғв Ҳв Җв Җв Җв Җв Җв үв үв үв Ӣв ’в ҰвўңвЈҶв Җв Җв Җв Җв Җв Җв Җв Җв Җв Җв Җв Җв Җв Җв Җв Җв Җв Җв ҳвЎҶв Җв Җв Җв Җв Җ
в Җв Җв Җв Җв Җв Җв Җв Җв Җв Җв Җв Җв Җв Җв ҖвЎҶв Җв ҖвЈ°в ғв Җв Җв Җв Җв Ғв Җв Җв Җв Җв Җв Җв Җв Җв Җв Җв Җв Җв Җв Җв Җв Җв Җв Җв Җв үвў§в „в Җв Җв Җв Җв Җв Җв Җв Җв Җв Җв Җв Җв Җв Җв Җв Җв Җвўів Җв Җв Җв Җв Җ
в Җв Җв Җв Җв Җв Җв Җв Җв Җв Җв Җв Җв Җв Җв ҖвЎҮв Җвў в ғв Җв Җв Җв Җв Җв Җв Җв Җв Җв Җв Җв Җв Җв Җв Җв Җв Җв Җв Җв Җв Җв Җв Җв Җв Җв Җв ҖвўівЎҖв Җв Җв Җв Җв Җв Җв Җв Җв Җв Җв Җв Җв Җв Җв Җв Җв ёвЎ„в Җв Җв Җв Җ
в Җв Җв Җв Җв Җв Җв Җв Җв Җв Җв Җв Җв Җв Җв ҖвЎҮв Җвўәв Җв Җв Җв Җв Җв Җв Җв Җв Җв Җв Җв Җв Җв Җв Җв Җв Җв Җв Җв Җв Җв Җв Җв Җв Җв Җв Җв Җв Җвўів Җв Җв Җв Җв Җв Җв Җв Җв Җв Җв Җв Җв Җв Җв Җв Җв җвЎҮв Җв Җв Җв Җ
в Җв Җв Җв Җв Җв Җв Җв Җв Җв Җв Җв Җв Җв Җв ҖвЈҮв Җв ёв Җв Җв Җв Җв Җв Җв Җв Җв Җв Җв Җв Җв Җв Җв Җв Җв Җв Җв Җв Җв Җв Җв Җв Җв Җв Җв Җв Җв ҖвўёвЎ„в Җв ҖвўҖвЎӨв –в ’в ІвЈ„в Җв Җв Җв Җв Җв Җв Җв ҖвЎҮв Җв Җв Җв Җ
в Җв Җв Җв Җв Җв Җв Җв Җв Җв Җв Җв Җв Җв Җв Җвўёв ҖвЎҮв Җв Җв Җв Җв Җв Җв Җв Җв Җв Җв Җв Җв Җв Җв Җв Җв Җв Җв Җв Җв ҖвЈҖвўҖвЈ вЎӨв Өв „в Җв Җв ҖвЎҮв ҖвЈӨв Ӣвў вўӨвў„в Җвўёв Җв Җв Җв Җв Җв Җв Җв ҖвЎҮв Җв Җв Җв Җ
в Җв Җв Җв Җв Җв Җв Җв Җв Җв Җв Җв Җв Җв Җв Җв ҳвЎҶвЎҮвўҖвЎҖв Җв Җв Җв Җв Җв Җв Җв Җв Җв Җв Җв Җв ҖвўҖвЈҖв ҙв ”вў“вўүвЎүвЎҖв Җв Җв Җв Җв Җв ҖвўҖвЈ·вЈҫв ҒвЈҙвЈҝвЈөвўҫв ҖвЈёв Җв Җв Җв Җв Җв Җв Җв ҖвЎҮв Җв Җв Җв Җ
в Җв Җв Җв Җв Җв Җв Җв Җв Җв Җв Җв Җв Җв Җв Җв ҖвўівўЎвЈҫвЎҝвЈҝвЈҝвЈҝвЈҰвЈ„вЎҖв Җв Җв ҖвЈ вЈ¶вЈҫвЈҝвЈҝвЈҝвЈҝвЈҝвЈҝвЈҝвўҝвЈҝвЈҝвЈ·вЈҶв ҖвЈ вЈҙвЈҝв ҹв ҒвЈјвЈ·вЈҝвЎҝвЎқвў в Ҹв Җв Җв Җв Җв Җв Җв Җвўёв ғв Җв Җв Җв Җ
в Җв Җв Җв Җв Җв Җв Җв Җв Җв Җв Җв ҖвЎјв үвў№вЎҖв ҲвўҫвЈҝвЎҶв Җв Җв үв ҷвЈ»вЈҝвЈҰвЈҖвЈ вЈҝвЈҝв Ӣв үв Ғв Ғв Җв Җв Җв Җв Җв Җв ҖвЈҝвЈҝвЈҝвЈҝв ҹв Ғв Җв Җв °вЎҪвЈҝвЎғвЎ°в Ӣв Җв Җв Җв Җв Җв Җв ҖвўҖвЎҸв Җв Җв Җв Җв Җ
в Җв Җв Җв Җв Җв Җв Җв Җв Җв Җв Җвў°в ғв Җв ҖвЎҮв Җв ҳвЈҝвЈ§в ҖвЈӨвў в ҹв Җв ҲвЈҝвЈҝвЈҝвЈҝвЈҝв Җв Җв Җв Җв Җв Җв Җв Җв Җв Җвў°вЈҝвЈҝвЎҹв Ғв Җв Җв ҖвўҖвЎҙвўғвЎ”вЎұв Ғв Җв Җв Җв Җв Җв Җв Җв ҖвЎһв Җв Җв Җв Җв Җв Җ
в Җв Җв Җв Җв Җв Җв Җв Җв Җв Җв Җвўёв Җв Җв ҖвЎҮв Җв Җв ҷвЈҝвЎҝв Җв ҖвўҮв ҖвЈ°вЎғв Җв Җв »вўҝвЈ¶вЈ¶вЈ¶вЈ¶вЈ¶вЈӨвЈҰвЈҙвЈӨвЈӨвЈјвЎҝв Ӣв Җв Җв Җв Җв Җв Ёв Һв ҒвЎҙв Ғв Җв Җв Җв Җв Җв Җв Җв ҖвЎјв Ғв Җв Җв Җв Җв Җв Җ
в Җв Җв Җв Җв Җв Җв Җв Җв Җв Җв ҖвЎңв Җв Җвў°в Үв Җв Җв Җвў°в ғв Җв ҖвЈ№вў в ғвЎҮв Җв Җв Җв Җв Ҳв үв ҷв ҷв ӣв ӣв ӣв ӣв ӣв ӣв Ӣв Ғв Җв Җв Җв Җв Җв ҖвЎўв ’в Ӣв Җв Җв Җв Җв Җв Җв Җв Җв ҖвЎјв Ғв Җв Җв Җв Җв Җв Җв Җ
в Җв Җв Җв Җв Җв Җв Җв Җв Җв Җвў в ғв Җв ҖвЈёв Җв Җв ҖвЎ вўҫв Җв Җв ҖвЎәв ғвўёв Ӯв Җв Җв Җв Җв Җв Җв Җв Җв Җв Җв Җв Җв Җв Җв Җв Җв Җв Җв Җв Җв ҖвўҖвЎҮв ҖвўҖв Җв Җв Җв Җв Җв Җв ҖвўҖв һв Җв Җв Җв Җв Җв Җв Җв Җв Җ
в Җв Җв Җв Җв Җв Җв Җв Җв Җв ҖвЎҡв Җв Җв ҖвЎҸв ҖвЈҖв һв ҒвЎ—в Җв ҖвўҖвЈҮв ҖвЎңв Җв Җв Җв Җв Җв Җв Җв Җв Җв Җв Җв Җв Җв Җв Җв Җв Җв ҖвўҖвЈҖвЈ в ”вЈӢвЎ вўҙв Ҡв Җв Җв Җв Җв Җв Җвў в Һв Җв Җв Җв Җв Җв Җв Җв Җв Җв Җ
в Җв Җв Җв Җв ҖвЎҙв ’в ҰвЎҖвўҗв Үв Җв Җвў°в ҮвЎҙв Ғв ҖвЎјв Ғв Җв ҖвЈёвўҲвЎ–вўЈвЈҖв ҖвЈҖвЎӨв Өв „в Җв Җв Җв Җв Җв Җв Җв Җв Җв Җв Җв Җв Җв Ҳв үвўүвЎңв ҒвЎҸв Җв Җв Җв Җв Җв Җв ҖвЈәв Җв Җв Җв Җв Җв Җв Җв Җв Җв Җв Җ
в Җв Җв Җв Җв ҖвЎҮв Җв ҖвўівЎңв Җв Җв ҖвЈёв Һв Җв ҖвЎҙв Ғв Җв ҖвЈ в —в үв ҖвўҖв Ҹв үв үвЎүв Ғв Җв Җв Җв Җв Җв Җв Җв Җв Җв Җв Җв Җв Җв ҖвЈҖв ҙв Ӣв ҖвўҳвЎҮв ҖвЈІв ҖвўҖвЎҖв Җв Җвўёв Җв Җв Җв Җв Җв Җв Җв Җв Җв Җв Җ
в Җв Җв Җв Җв ҖвЎ—в Җв Җвў°в ғв Җв ҖвЈ в Ӣв Җв ҖвЈ°в Ғв ҖвЈ в Ӣв Ғв Җв ҖвЎӨв Ӣв івЎҖв Җв ®вЎӯв Өв ӨвЈ„вЈ вЈ в Ҷв Җв Җв Җв Җв ҖвўҖвЈ в һв Ғв Җв Җв Җв ҲвЎҮвўёв №вЎҖвўёвўұвЎҖвў вЎ¬вўҮв Җв Җв Җв Җв Җв Җв Җв Җв Җв Җ
в Җв Җв Җв Җв ҖвЈҸв Җвў в Ҹв Җв ҖвЎ°в ғв Җв Җвў в Үв ҖвЈ°в ғв Җв ҖвЈ в Ӣв Җв Җв Җв ҷвЈ„в Җв Ҳв ‘в ’в Ҡв Ғв Җв Җв Җв Җв ҖвўҖвЎҙв Ҡв Җв Җв Җв Җв Җв Җв Җвў§вЎҚв Җвў§вЎёв ҖвўЈвЎқв Җв Җв ғв Җв Җв Җв Җв Җв Җв Җв Җв Җ
в Җв Җв Җв Җв ҖвЎҮвўҖвЎһв ҖвўҖв һв Ғв Җв ҖвўҖвЎһв ҖвўҖв Үв Җв Җвў в Ҹв Җв Җв Җв Җв Җв ҲвўЈвЎҲв ҷв ’в үв Җв Җв Җв ҖвЈ в ”в Ӣв ҖвўҖвЈҖвЈҖвЈ в Өв ҙв ’в ’в үв Үв Җв Җв Җв Җв җв ’в ’в ¶в Өв ӨвЈӨвЈҖвЎҖв ҖвўҖв Җв Җв Җ
в Җв Җв Җв Җв ҖвЎҮвЎјв Җв Җв үв Җв Җв ҖвўҖвЎһв Җв ҖвЈёв Җв Җв Җвўёв Җв Җв Җв ҖвЈ в ҙв Ӣв Ғв ҷв ҰвЈ„вЈҖвўҖвЈ в ҙв ҡв ‘в ӢвўүвЈүвЈүвЈӨвЎӨв ҖвўҖвЎ„в ҖвўҖвЎҖв Җв Җв Җв Җв Җв ҖвЎҖвЈҖвЈ вЎҶв Җв ҫв ҝв ҝв ҝвЈҝвЎҮв Җв Җ
в Җв Җв Җв Җв ҖвЎҮвЎҮв Җв Җв Җв Җв Җв Җв һв Җв Җв Җвўјв Җв Җв Җв ёвЎ„в ҖвЈ в Һв Ғв Җв Җв Җв Җв Җв Җв үв үв Җв Җв Җв Җвў вЈҝв ӣв Ӣв үв Җв ҖвЈҝвЎғвў вЈҝвЎ…в Җв Җвў вЎҫв ҝвЈҝвЈҝв ӢвЈҝв ғв Җв Җв Җв Җв ҖвЈҝвЎҮв Җв Җ
в Җв Җв Җв Җв ҖвЎ·вЎҒв Җв Җв Җв Җв Җв Җв Җв Җв Җв ҖвЎҳв Җв Җв Җв ҲвЎҮвЎңв Ғв Җв Җв Җв Җв Җв Җв Җв Җв Җв Җв Җв Җв Җв ҖвўёвЈҜв Җв Җв Җв Җв ҖвЈҝв Ҷв ҳвЈҝвЎҮв Җв ҖвЈҝвЎ…в ҖвЈҫв ҝвўӣвЈҝв Ғв Җв Җв Җв Җв ҖвЈҝвЈ§вЈҖв Җ
в Җв Җв Җв Җвўёв Җв ғв Җв Җв Җв Җв Җв Җв Җв Җв Җв Җв Җв Җв Җв Җв Җвў№в Ғв Җв Җв Җв Җв Җв Җв Җв Җв Җв Җв Җв Җв Җв Җв ҖвўјвЎ·в Җв Җв Җв Җв ҖвЈҝвЈ·в ¶вЈҝвЈҮв Җв ҖвўҝвЈҝвЎ¶в ӢвўҖвЈҗвЎӢв Җв Җв °в ҝвЈҝвЎҝвўҝвЈҝвЎҒв Җ
в Җв Җв Җв Җв ёвЎҒв Җв Җв Җв Җв Җв Җв Җв Җв Җв Җв Җв Җв Җв Җв Җв Җвўёв Җв Җв Җв Җв Җв Җв Җв Җв Җв Җв Җв Җв Җв Җв Җв ҖвўёвЈҝвўҖвЈҖвЈҖвЎҖв ҖвЈҝвЎҶв Җвў»вЎҝв Җв Җв Җв Җвў вЎ¶в ҝв ҝвўҝвЈҝв ӮвЈ°вЎ„в ҝв ғвўёв ҹвЎҶв Җ
в Җв Җв Җв Җв Җвўів Җв Җв Җв Җв Җв Җв Җв Җв Җв Җв Җв Җв Җв Җв Җв ҖвЎӣв Җв Җв Җв Җв Җв Җв Җв Җв Җв Җв Җв Җв Җв Җв Җв Җв ёв ӣв ӣв ӣв Ӣв Җв ҖвЈҝв Үв Җв »в Ӣв Җв Җв Җв ҖвЈҝвЈ·вЈ„вЈҖвЎјв Ғв ҳвЈҝвЈҮвЈҖвЈҖвЈҖвЈҖвЈҮвЈҖ
в Җв Җв Җв Җв Җв Ҳвў§в Җв Җв Җв Җв Җв Җв Җв Җв Җв Җв Җв Җв Җв ҖвЈёв Ғв Җв Җв Җв Җв Җв Җв Җв Җв Җв Җв Җв Җв Җв Җв Җв Җв Җв Җв Җв Җв Җв Җв Җв Ғв Җв Җв Җв Җв Җв Җв Җв Җв Ҳв ӣв ӣв Ӣв Җв Җв Җв ӣв ӣв ӣв ӣв ӣвў»в ӣв Ғ
');
